ID	URL
1	https://campervans.vercel.app/listings/
2	https://campervans.vercel.app/listings/australian-capital-territory-state
3	https://campervans.vercel.app/listings/new-south-wales-state
4	https://campervans.vercel.app/listings/northern-territory-state
5	https://campervans.vercel.app/listings/queensland-state
6	https://campervans.vercel.app/listings/south-australia-state
7	https://campervans.vercel.app/listings/tasmania-state
8	https://campervans.vercel.app/listings/victoria-state
9	https://campervans.vercel.app/listings/western-australia-state
10	https://campervans.vercel.app/listings/australian-capital-territory-state/australian-capital-territory-region/
11	https://campervans.vercel.app/listings/new-south-wales-state/central-coast-region/
12	https://campervans.vercel.app/listings/new-south-wales-state/central-west-region/
13	https://campervans.vercel.app/listings/new-south-wales-state/coffs-harbour-region/
14	https://campervans.vercel.app/listings/new-south-wales-state/hunter-region/
15	https://campervans.vercel.app/listings/new-south-wales-state/illawarra-region/
16	https://campervans.vercel.app/listings/new-south-wales-state/mid-north-coast-region/
17	https://campervans.vercel.app/listings/new-south-wales-state/newcastle-region/
18	https://campervans.vercel.app/listings/new-south-wales-state/richmond-tweed-region/
19	https://campervans.vercel.app/listings/new-south-wales-state/riverina-region/
20	https://campervans.vercel.app/listings/new-south-wales-state/sydney-region/
21	https://campervans.vercel.app/listings/northern-territory-state/darwin-region/
22	https://campervans.vercel.app/listings/queensland-state/brisbane-region/
23	https://campervans.vercel.app/listings/queensland-state/cairns-region/
24	https://campervans.vercel.app/listings/queensland-state/central-queensland-region/
25	https://campervans.vercel.app/listings/queensland-state/gold-coast-region/
26	https://campervans.vercel.app/listings/queensland-state/mackay-isaac-whitsunday-region/
27	https://campervans.vercel.app/listings/queensland-state/sunshine-coast-region/
28	https://campervans.vercel.app/listings/queensland-state/toowoomba-region/
29	https://campervans.vercel.app/listings/queensland-state/townsville-region/
30	https://campervans.vercel.app/listings/queensland-state/wide-bay-region/
31	https://campervans.vercel.app/listings/south-australia-state/adelaide-region/
32	https://campervans.vercel.app/listings/south-australia-state/barossa-yorke-mid-north-region/
33	https://campervans.vercel.app/listings/south-australia-state/south-australia-south-east-region/
34	https://campervans.vercel.app/listings/tasmania-state/hobart-region/
35	https://campervans.vercel.app/listings/tasmania-state/launceston-region/
36	https://campervans.vercel.app/listings/tasmania-state/north-west-region/
37	https://campervans.vercel.app/listings/victoria-state/ballarat-region/
38	https://campervans.vercel.app/listings/victoria-state/bendigo-region/
39	https://campervans.vercel.app/listings/victoria-state/geelong-region/
40	https://campervans.vercel.app/listings/victoria-state/hume-region/
41	https://campervans.vercel.app/listings/victoria-state/latrobe-gippsland-region/
42	https://campervans.vercel.app/listings/victoria-state/melbourne-region/
43	https://campervans.vercel.app/listings/victoria-state/mornington-peninsula-region/
44	https://campervans.vercel.app/listings/victoria-state/shepparton-region/
45	https://campervans.vercel.app/listings/victoria-state/warrnambool-and-south-west-region/
46	https://campervans.vercel.app/listings/western-australia-state/bunbury-region/
47	https://campervans.vercel.app/listings/western-australia-state/mandurah-region/
48	https://campervans.vercel.app/listings/western-australia-state/perth-region/
49	https://campervans.vercel.app/listings/western-australia-state/western-australia-wheat-belt-region/
50	https://campervans.vercel.app/listings/off-road-category/
51	https://campervans.vercel.app/listings/hybrid-category/
52	https://campervans.vercel.app/listings/pop-top-category/
53	https://campervans.vercel.app/listings/luxury-category/
54	https://campervans.vercel.app/listings/family-category/
55	https://campervans.vercel.app/listings/touring-category/
56	https://campervans.vercel.app/listings/off-road-category/australian-capital-territory-state/
57	https://campervans.vercel.app/listings/off-road-category/new-south-wales-state/
58	https://campervans.vercel.app/listings/off-road-category/northern-territory-state/
59	https://campervans.vercel.app/listings/off-road-category/queensland-state/
60	https://campervans.vercel.app/listings/off-road-category/south-australia-state/
61	https://campervans.vercel.app/listings/off-road-category/tasmania-state/
62	https://campervans.vercel.app/listings/off-road-category/victoria-state/
63	https://campervans.vercel.app/listings/off-road-category/western-australia-state/
64	https://campervans.vercel.app/listings/hybrid-category/australian-capital-territory-state/
65	https://campervans.vercel.app/listings/hybrid-category/new-south-wales-state/
66	https://campervans.vercel.app/listings/hybrid-category/northern-territory-state/
67	https://campervans.vercel.app/listings/hybrid-category/queensland-state/
68	https://campervans.vercel.app/listings/hybrid-category/south-australia-state/
69	https://campervans.vercel.app/listings/hybrid-category/tasmania-state/
70	https://campervans.vercel.app/listings/hybrid-category/victoria-state/
71	https://campervans.vercel.app/listings/hybrid-category/western-australia-state/
72	https://campervans.vercel.app/listings/pop-top-category/australian-capital-territory-state/
73	https://campervans.vercel.app/listings/pop-top-category/new-south-wales-state/
74	https://campervans.vercel.app/listings/pop-top-category/northern-territory-state/
75	https://campervans.vercel.app/listings/pop-top-category/queensland-state/
76	https://campervans.vercel.app/listings/pop-top-category/south-australia-state/
77	https://campervans.vercel.app/listings/pop-top-category/tasmania-state/
78	https://campervans.vercel.app/listings/pop-top-category/victoria-state/
79	https://campervans.vercel.app/listings/pop-top-category/western-australia-state/
80	https://campervans.vercel.app/listings/luxury-category/australian-capital-territory-state/
81	https://campervans.vercel.app/listings/luxury-category/new-south-wales-state/
82	https://campervans.vercel.app/listings/luxury-category/northern-territory-state/
83	https://campervans.vercel.app/listings/luxury-category/queensland-state/
84	https://campervans.vercel.app/listings/luxury-category/south-australia-state/
85	https://campervans.vercel.app/listings/luxury-category/tasmania-state/
86	https://campervans.vercel.app/listings/luxury-category/victoria-state/
87	https://campervans.vercel.app/listings/luxury-category/western-australia-state/
88	https://campervans.vercel.app/listings/family-category/australian-capital-territory-state/
89	https://campervans.vercel.app/listings/family-category/new-south-wales-state/
90	https://campervans.vercel.app/listings/family-category/northern-territory-state/
91	https://campervans.vercel.app/listings/family-category/queensland-state/
92	https://campervans.vercel.app/listings/family-category/south-australia-state/
93	https://campervans.vercel.app/listings/family-category/tasmania-state/
94	https://campervans.vercel.app/listings/family-category/victoria-state/
95	https://campervans.vercel.app/listings/family-category/western-australia-state/
96	https://campervans.vercel.app/listings/touring-category/australian-capital-territory-state/
97	https://campervans.vercel.app/listings/touring-category/new-south-wales-state/
98	https://campervans.vercel.app/listings/touring-category/northern-territory-state/
99	https://campervans.vercel.app/listings/touring-category/queensland-state/
100	https://campervans.vercel.app/listings/touring-category/south-australia-state/
101	https://campervans.vercel.app/listings/touring-category/tasmania-state/
102	https://campervans.vercel.app/listings/touring-category/victoria-state/
103	https://campervans.vercel.app/listings/touring-category/western-australia-state/
104	https://campervans.vercel.app/listings/off-road-category/south-australia-state/south-australia-south-east-region/
105	https://campervans.vercel.app/listings/off-road-category/tasmania-state/hobart-region/
106	https://campervans.vercel.app/listings/off-road-category/tasmania-state/launceston-region/
107	https://campervans.vercel.app/listings/off-road-category/tasmania-state/north-west-region/
108	https://campervans.vercel.app/listings/off-road-category/victoria-state/ballarat-region/
109	https://campervans.vercel.app/listings/off-road-category/victoria-state/bendigo-region/
110	https://campervans.vercel.app/listings/off-road-category/victoria-state/geelong-region/
111	https://campervans.vercel.app/listings/off-road-category/victoria-state/hume-region/
112	https://campervans.vercel.app/listings/off-road-category/victoria-state/latrobe-gippsland-region/
113	https://campervans.vercel.app/listings/off-road-category/victoria-state/melbourne-region/
114	https://campervans.vercel.app/listings/off-road-category/victoria-state/mornington-peninsula-region/
115	https://campervans.vercel.app/listings/off-road-category/victoria-state/shepparton-region/
116	https://campervans.vercel.app/listings/off-road-category/victoria-state/warrnambool-and-south-west-region/
117	https://campervans.vercel.app/listings/off-road-category/western-australia-state/bunbury-region/
118	https://campervans.vercel.app/listings/off-road-category/western-australia-state/mandurah-region/
119	https://campervans.vercel.app/listings/off-road-category/western-australia-state/perth-region/
120	https://campervans.vercel.app/listings/off-road-category/western-australia-state/western-australia-wheat-belt-region/
121	https://campervans.vercel.app/listings/hybrid-category/australian-capital-territory-state/australian-capital-territory-region/
122	https://campervans.vercel.app/listings/hybrid-category/new-south-wales-state/central-coast-region/
123	https://campervans.vercel.app/listings/hybrid-category/new-south-wales-state/central-west-region/
124	https://campervans.vercel.app/listings/hybrid-category/new-south-wales-state/coffs-harbour-region/
125	https://campervans.vercel.app/listings/hybrid-category/new-south-wales-state/hunter-region/
126	https://campervans.vercel.app/listings/hybrid-category/new-south-wales-state/illawarra-region/
127	https://campervans.vercel.app/listings/hybrid-category/new-south-wales-state/mid-north-coast-region/
128	https://campervans.vercel.app/listings/hybrid-category/new-south-wales-state/newcastle-region/
129	https://campervans.vercel.app/listings/hybrid-category/new-south-wales-state/richmond-tweed-region/
130	https://campervans.vercel.app/listings/hybrid-category/new-south-wales-state/riverina-region/
131	https://campervans.vercel.app/listings/hybrid-category/new-south-wales-state/sydney-region/
132	https://campervans.vercel.app/listings/hybrid-category/northern-territory-state/darwin-region/
133	https://campervans.vercel.app/listings/hybrid-category/queensland-state/brisbane-region/
134	https://campervans.vercel.app/listings/hybrid-category/queensland-state/cairns-region/
135	https://campervans.vercel.app/listings/hybrid-category/queensland-state/central-queensland-region/
136	https://campervans.vercel.app/listings/hybrid-category/queensland-state/gold-coast-region/
137	https://campervans.vercel.app/listings/hybrid-category/queensland-state/mackay-isaac-whitsunday-region/
138	https://campervans.vercel.app/listings/hybrid-category/queensland-state/sunshine-coast-region/
139	https://campervans.vercel.app/listings/hybrid-category/queensland-state/toowoomba-region/
140	https://campervans.vercel.app/listings/hybrid-category/queensland-state/townsville-region/
141	https://campervans.vercel.app/listings/hybrid-category/queensland-state/wide-bay-region/
142	https://campervans.vercel.app/listings/hybrid-category/south-australia-state/adelaide-region/
143	https://campervans.vercel.app/listings/hybrid-category/south-australia-state/barossa-yorke-mid-north-region/
144	https://campervans.vercel.app/listings/hybrid-category/south-australia-state/south-australia-south-east-region/
145	https://campervans.vercel.app/listings/hybrid-category/tasmania-state/hobart-region/
146	https://campervans.vercel.app/listings/hybrid-category/tasmania-state/launceston-region/
147	https://campervans.vercel.app/listings/hybrid-category/tasmania-state/north-west-region/
148	https://campervans.vercel.app/listings/hybrid-category/victoria-state/ballarat-region/
149	https://campervans.vercel.app/listings/hybrid-category/victoria-state/bendigo-region/
150	https://campervans.vercel.app/listings/hybrid-category/victoria-state/geelong-region/
151	https://campervans.vercel.app/listings/hybrid-category/victoria-state/hume-region/
152	https://campervans.vercel.app/listings/hybrid-category/victoria-state/latrobe-gippsland-region/
153	https://campervans.vercel.app/listings/hybrid-category/victoria-state/melbourne-region/
154	https://campervans.vercel.app/listings/hybrid-category/victoria-state/mornington-peninsula-region/
155	https://campervans.vercel.app/listings/hybrid-category/victoria-state/shepparton-region/
156	https://campervans.vercel.app/listings/hybrid-category/victoria-state/warrnambool-and-south-west-region/
157	https://campervans.vercel.app/listings/hybrid-category/western-australia-state/bunbury-region/
158	https://campervans.vercel.app/listings/hybrid-category/western-australia-state/mandurah-region/
159	https://campervans.vercel.app/listings/hybrid-category/western-australia-state/perth-region/
160	https://campervans.vercel.app/listings/hybrid-category/western-australia-state/western-australia-wheat-belt-region/
161	https://campervans.vercel.app/listings/pop-top-category/australian-capital-territory-state/australian-capital-territory-region/
162	https://campervans.vercel.app/listings/pop-top-category/new-south-wales-state/central-coast-region/
163	https://campervans.vercel.app/listings/pop-top-category/new-south-wales-state/central-west-region/
164	https://campervans.vercel.app/listings/pop-top-category/new-south-wales-state/coffs-harbour-region/
165	https://campervans.vercel.app/listings/pop-top-category/new-south-wales-state/hunter-region/
166	https://campervans.vercel.app/listings/pop-top-category/new-south-wales-state/illawarra-region/
167	https://campervans.vercel.app/listings/pop-top-category/new-south-wales-state/mid-north-coast-region/
168	https://campervans.vercel.app/listings/pop-top-category/new-south-wales-state/newcastle-region/
169	https://campervans.vercel.app/listings/pop-top-category/new-south-wales-state/richmond-tweed-region/
170	https://campervans.vercel.app/listings/pop-top-category/new-south-wales-state/riverina-region/
171	https://campervans.vercel.app/listings/pop-top-category/new-south-wales-state/sydney-region/
172	https://campervans.vercel.app/listings/pop-top-category/northern-territory-state/darwin-region/
173	https://campervans.vercel.app/listings/pop-top-category/queensland-state/brisbane-region/
174	https://campervans.vercel.app/listings/pop-top-category/queensland-state/cairns-region/
175	https://campervans.vercel.app/listings/pop-top-category/queensland-state/central-queensland-region/
176	https://campervans.vercel.app/listings/pop-top-category/queensland-state/gold-coast-region/
177	https://campervans.vercel.app/listings/pop-top-category/queensland-state/mackay-isaac-whitsunday-region/
178	https://campervans.vercel.app/listings/pop-top-category/queensland-state/sunshine-coast-region/
179	https://campervans.vercel.app/listings/pop-top-category/queensland-state/toowoomba-region/
180	https://campervans.vercel.app/listings/pop-top-category/queensland-state/townsville-region/
181	https://campervans.vercel.app/listings/pop-top-category/queensland-state/wide-bay-region/
182	https://campervans.vercel.app/listings/pop-top-category/south-australia-state/adelaide-region/
183	https://campervans.vercel.app/listings/pop-top-category/south-australia-state/barossa-yorke-mid-north-region/
184	https://campervans.vercel.app/listings/pop-top-category/south-australia-state/south-australia-south-east-region/
185	https://campervans.vercel.app/listings/pop-top-category/tasmania-state/hobart-region/
186	https://campervans.vercel.app/listings/pop-top-category/tasmania-state/launceston-region/
187	https://campervans.vercel.app/listings/pop-top-category/tasmania-state/north-west-region/
188	https://campervans.vercel.app/listings/pop-top-category/victoria-state/ballarat-region/
189	https://campervans.vercel.app/listings/pop-top-category/victoria-state/bendigo-region/
190	https://campervans.vercel.app/listings/pop-top-category/victoria-state/geelong-region/
191	https://campervans.vercel.app/listings/pop-top-category/victoria-state/hume-region/
192	https://campervans.vercel.app/listings/pop-top-category/victoria-state/latrobe-gippsland-region/
193	https://campervans.vercel.app/listings/pop-top-category/victoria-state/melbourne-region/
194	https://campervans.vercel.app/listings/pop-top-category/victoria-state/mornington-peninsula-region/
195	https://campervans.vercel.app/listings/pop-top-category/victoria-state/shepparton-region/
196	https://campervans.vercel.app/listings/pop-top-category/victoria-state/warrnambool-and-south-west-region/
197	https://campervans.vercel.app/listings/pop-top-category/western-australia-state/bunbury-region/
198	https://campervans.vercel.app/listings/pop-top-category/western-australia-state/mandurah-region/
199	https://campervans.vercel.app/listings/pop-top-category/western-australia-state/perth-region/
200	https://campervans.vercel.app/listings/pop-top-category/western-australia-state/western-australia-wheat-belt-region/
201	https://campervans.vercel.app/listings/luxury-category/australian-capital-territory-state/australian-capital-territory-region/
202	https://campervans.vercel.app/listings/luxury-category/new-south-wales-state/central-coast-region/
203	https://campervans.vercel.app/listings/luxury-category/new-south-wales-state/central-west-region/
204	https://campervans.vercel.app/listings/luxury-category/new-south-wales-state/coffs-harbour-region/
205	https://campervans.vercel.app/listings/luxury-category/new-south-wales-state/hunter-region/
206	https://campervans.vercel.app/listings/luxury-category/new-south-wales-state/illawarra-region/
207	https://campervans.vercel.app/listings/luxury-category/new-south-wales-state/mid-north-coast-region/
208	https://campervans.vercel.app/listings/luxury-category/new-south-wales-state/newcastle-region/
209	https://campervans.vercel.app/listings/luxury-category/new-south-wales-state/richmond-tweed-region/
210	https://campervans.vercel.app/listings/luxury-category/new-south-wales-state/riverina-region/
211	https://campervans.vercel.app/listings/luxury-category/new-south-wales-state/sydney-region/
212	https://campervans.vercel.app/listings/luxury-category/northern-territory-state/darwin-region/
213	https://campervans.vercel.app/listings/luxury-category/queensland-state/brisbane-region/
214	https://campervans.vercel.app/listings/luxury-category/queensland-state/cairns-region/
215	https://campervans.vercel.app/listings/luxury-category/queensland-state/central-queensland-region/
216	https://campervans.vercel.app/listings/luxury-category/queensland-state/gold-coast-region/
217	https://campervans.vercel.app/listings/luxury-category/queensland-state/mackay-isaac-whitsunday-region/
218	https://campervans.vercel.app/listings/luxury-category/queensland-state/sunshine-coast-region/
219	https://campervans.vercel.app/listings/luxury-category/queensland-state/toowoomba-region/
220	https://campervans.vercel.app/listings/luxury-category/queensland-state/townsville-region/
221	https://campervans.vercel.app/listings/luxury-category/queensland-state/wide-bay-region/
222	https://campervans.vercel.app/listings/luxury-category/south-australia-state/adelaide-region/
223	https://campervans.vercel.app/listings/luxury-category/south-australia-state/barossa-yorke-mid-north-region/
224	https://campervans.vercel.app/listings/luxury-category/south-australia-state/south-australia-south-east-region/
225	https://campervans.vercel.app/listings/luxury-category/tasmania-state/hobart-region/
226	https://campervans.vercel.app/listings/luxury-category/tasmania-state/launceston-region/
227	https://campervans.vercel.app/listings/luxury-category/tasmania-state/north-west-region/
228	https://campervans.vercel.app/listings/luxury-category/victoria-state/ballarat-region/
229	https://campervans.vercel.app/listings/luxury-category/victoria-state/bendigo-region/
230	https://campervans.vercel.app/listings/luxury-category/victoria-state/geelong-region/
231	https://campervans.vercel.app/listings/luxury-category/victoria-state/hume-region/
232	https://campervans.vercel.app/listings/luxury-category/victoria-state/latrobe-gippsland-region/
233	https://campervans.vercel.app/listings/luxury-category/victoria-state/melbourne-region/
234	https://campervans.vercel.app/listings/luxury-category/victoria-state/mornington-peninsula-region/
235	https://campervans.vercel.app/listings/luxury-category/victoria-state/shepparton-region/
236	https://campervans.vercel.app/listings/luxury-category/victoria-state/warrnambool-and-south-west-region/
237	https://campervans.vercel.app/listings/luxury-category/western-australia-state/bunbury-region/
238	https://campervans.vercel.app/listings/luxury-category/western-australia-state/mandurah-region/
239	https://campervans.vercel.app/listings/luxury-category/western-australia-state/perth-region/
240	https://campervans.vercel.app/listings/luxury-category/western-australia-state/western-australia-wheat-belt-region/
241	https://campervans.vercel.app/listings/family-category/australian-capital-territory-state/australian-capital-territory-region/
242	https://campervans.vercel.app/listings/family-category/new-south-wales-state/central-coast-region/
243	https://campervans.vercel.app/listings/family-category/new-south-wales-state/central-west-region/
244	https://campervans.vercel.app/listings/family-category/new-south-wales-state/coffs-harbour-region/
245	https://campervans.vercel.app/listings/family-category/new-south-wales-state/hunter-region/
246	https://campervans.vercel.app/listings/family-category/new-south-wales-state/illawarra-region/
247	https://campervans.vercel.app/listings/family-category/new-south-wales-state/mid-north-coast-region/
248	https://campervans.vercel.app/listings/family-category/new-south-wales-state/newcastle-region/
249	https://campervans.vercel.app/listings/family-category/new-south-wales-state/richmond-tweed-region/
250	https://campervans.vercel.app/listings/family-category/new-south-wales-state/riverina-region/
251	https://campervans.vercel.app/listings/family-category/new-south-wales-state/sydney-region/
252	https://campervans.vercel.app/listings/family-category/northern-territory-state/darwin-region/
253	https://campervans.vercel.app/listings/family-category/queensland-state/brisbane-region/
254	https://campervans.vercel.app/listings/family-category/queensland-state/cairns-region/
255	https://campervans.vercel.app/listings/family-category/queensland-state/central-queensland-region/
256	https://campervans.vercel.app/listings/family-category/queensland-state/gold-coast-region/
257	https://campervans.vercel.app/listings/family-category/queensland-state/mackay-isaac-whitsunday-region/
258	https://campervans.vercel.app/listings/family-category/queensland-state/sunshine-coast-region/
259	https://campervans.vercel.app/listings/family-category/queensland-state/toowoomba-region/
260	https://campervans.vercel.app/listings/family-category/queensland-state/townsville-region/
261	https://campervans.vercel.app/listings/family-category/queensland-state/wide-bay-region/
262	https://campervans.vercel.app/listings/family-category/south-australia-state/adelaide-region/
263	https://campervans.vercel.app/listings/family-category/south-australia-state/barossa-yorke-mid-north-region/
264	https://campervans.vercel.app/listings/family-category/south-australia-state/south-australia-south-east-region/
265	https://campervans.vercel.app/listings/family-category/tasmania-state/hobart-region/
266	https://campervans.vercel.app/listings/family-category/tasmania-state/launceston-region/
267	https://campervans.vercel.app/listings/family-category/tasmania-state/north-west-region/
268	https://campervans.vercel.app/listings/family-category/victoria-state/ballarat-region/
269	https://campervans.vercel.app/listings/family-category/victoria-state/bendigo-region/
270	https://campervans.vercel.app/listings/family-category/victoria-state/geelong-region/
271	https://campervans.vercel.app/listings/family-category/victoria-state/hume-region/
272	https://campervans.vercel.app/listings/family-category/victoria-state/latrobe-gippsland-region/
273	https://campervans.vercel.app/listings/family-category/victoria-state/melbourne-region/
274	https://campervans.vercel.app/listings/family-category/victoria-state/mornington-peninsula-region/
275	https://campervans.vercel.app/listings/family-category/victoria-state/shepparton-region/
276	https://campervans.vercel.app/listings/family-category/victoria-state/warrnambool-and-south-west-region/
277	https://campervans.vercel.app/listings/family-category/western-australia-state/bunbury-region/
278	https://campervans.vercel.app/listings/family-category/western-australia-state/mandurah-region/
279	https://campervans.vercel.app/listings/family-category/western-australia-state/perth-region/
280	https://campervans.vercel.app/listings/family-category/western-australia-state/western-australia-wheat-belt-region/
281	https://campervans.vercel.app/listings/touring-category/australian-capital-territory-state/australian-capital-territory-region/
282	https://campervans.vercel.app/listings/touring-category/new-south-wales-state/central-coast-region/
283	https://campervans.vercel.app/listings/touring-category/new-south-wales-state/central-west-region/
284	https://campervans.vercel.app/listings/touring-category/new-south-wales-state/coffs-harbour-region/
285	https://campervans.vercel.app/listings/touring-category/new-south-wales-state/hunter-region/
286	https://campervans.vercel.app/listings/touring-category/new-south-wales-state/illawarra-region/
287	https://campervans.vercel.app/listings/touring-category/new-south-wales-state/mid-north-coast-region/
288	https://campervans.vercel.app/listings/touring-category/new-south-wales-state/newcastle-region/
289	https://campervans.vercel.app/listings/touring-category/new-south-wales-state/richmond-tweed-region/
290	https://campervans.vercel.app/listings/touring-category/new-south-wales-state/riverina-region/
291	https://campervans.vercel.app/listings/touring-category/new-south-wales-state/sydney-region/
292	https://campervans.vercel.app/listings/touring-category/northern-territory-state/darwin-region/
293	https://campervans.vercel.app/listings/touring-category/queensland-state/brisbane-region/
294	https://campervans.vercel.app/listings/touring-category/queensland-state/cairns-region/
295	https://campervans.vercel.app/listings/touring-category/queensland-state/central-queensland-region/
296	https://campervans.vercel.app/listings/touring-category/queensland-state/gold-coast-region/
297	https://campervans.vercel.app/listings/touring-category/queensland-state/mackay-isaac-whitsunday-region/
298	https://campervans.vercel.app/listings/touring-category/queensland-state/sunshine-coast-region/
299	https://campervans.vercel.app/listings/touring-category/queensland-state/toowoomba-region/
300	https://campervans.vercel.app/listings/touring-category/queensland-state/townsville-region/
301	https://campervans.vercel.app/listings/touring-category/queensland-state/wide-bay-region/
302	https://campervans.vercel.app/listings/touring-category/south-australia-state/adelaide-region/
303	https://campervans.vercel.app/listings/touring-category/south-australia-state/barossa-yorke-mid-north-region/
304	https://campervans.vercel.app/listings/touring-category/south-australia-state/south-australia-south-east-region/
305	https://campervans.vercel.app/listings/touring-category/tasmania-state/hobart-region/
306	https://campervans.vercel.app/listings/touring-category/tasmania-state/launceston-region/
307	https://campervans.vercel.app/listings/touring-category/tasmania-state/north-west-region/
308	https://campervans.vercel.app/listings/touring-category/victoria-state/ballarat-region/
309	https://campervans.vercel.app/listings/touring-category/victoria-state/bendigo-region/
310	https://campervans.vercel.app/listings/touring-category/victoria-state/geelong-region/
311	https://campervans.vercel.app/listings/touring-category/victoria-state/hume-region/
312	https://campervans.vercel.app/listings/touring-category/victoria-state/latrobe-gippsland-region/
313	https://campervans.vercel.app/listings/touring-category/victoria-state/melbourne-region/
314	https://campervans.vercel.app/listings/touring-category/victoria-state/mornington-peninsula-region/
315	https://campervans.vercel.app/listings/touring-category/victoria-state/shepparton-region/
316	https://campervans.vercel.app/listings/touring-category/victoria-state/warrnambool-and-south-west-region/
317	https://campervans.vercel.app/listings/touring-category/western-australia-state/bunbury-region/
318	https://campervans.vercel.app/listings/touring-category/western-australia-state/mandurah-region/
319	https://campervans.vercel.app/listings/touring-category/western-australia-state/perth-region/
320	https://campervans.vercel.app/listings/touring-category/western-australia-state/western-australia-wheat-belt-region/
321	https://campervans.vercel.app/listings/over-100000/
322	https://campervans.vercel.app/listings/over-150000/
323	https://campervans.vercel.app/listings/over-200000/
324	https://campervans.vercel.app/listings/under-30000/
325	https://campervans.vercel.app/listings/under-40000/
326	https://campervans.vercel.app/listings/under-50000/
327	https://campervans.vercel.app/listings/under-60000/
328	https://campervans.vercel.app/listings/under-70000/
329	https://campervans.vercel.app/listings/under-80000/
330	https://campervans.vercel.app/listings/under-90000/
331	https://campervans.vercel.app/listings/under-100000/
332	https://campervans.vercel.app/listings/under-125000/
333	https://campervans.vercel.app/listings/under-150000/
334	https://campervans.vercel.app/listings/between-20000-30000/
335	https://campervans.vercel.app/listings/between-30000-40000/
336	https://campervans.vercel.app/listings/between-30000-50000/
337	https://campervans.vercel.app/listings/between-40000-50000/
338	https://campervans.vercel.app/listings/between-50000-60000/
339	https://campervans.vercel.app/listings/between-50000-70000/
340	https://campervans.vercel.app/listings/between-70000-80000/
341	https://campervans.vercel.app/listings/between-80000-100000/
342	https://campervans.vercel.app/listings/between-100000-125000/
343	https://campervans.vercel.app/listings/between-100000-150000/
344	https://campervans.vercel.app/listings/over-3000-kg-atm/
345	https://campervans.vercel.app/listings/over-3500-kg-atm/
346	https://campervans.vercel.app/listings/under-1500-kg-atm/
347	https://campervans.vercel.app/listings/under-2000-kg-atm/
348	https://campervans.vercel.app/listings/under-2500-kg-atm/
349	https://campervans.vercel.app/listings/under-3000-kg-atm/
350	https://campervans.vercel.app/listings/under-3500-kg-atm/
351	https://campervans.vercel.app/listings/between-1500-kg-2000-kg-atm/
352	https://campervans.vercel.app/listings/between-2000-kg-2500-kg-atm/
353	https://campervans.vercel.app/listings/between-2500-kg-3000-kg-atm/
354	https://campervans.vercel.app/listings/between-3000-kg-3500-kg-atm/
355	https://campervans.vercel.app/listings/2-people-sleeping-capacity
356	https://campervans.vercel.app/listings/3-people-sleeping-capacity
357	https://campervans.vercel.app/listings/4-people-sleeping-capacity
358	https://campervans.vercel.app/listings/5-people-sleeping-capacity
359	https://campervans.vercel.app/listings/6-people-sleeping-capacity
360	https://campervans.vercel.app/listings/over-5-people-sleeping-capacity/
361	https://campervans.vercel.app/listings/between-2-4-people-sleeping-capacity/
362	https://campervans.vercel.app/listings/between-4-6-people-sleeping-capacity/
363	https://campervans.vercel.app/listings/between-12-14-length-in-feet/
364	https://campervans.vercel.app/listings/between-14-16-length-in-feet/
365	https://campervans.vercel.app/listings/between-16-18-length-in-feet/
366	https://campervans.vercel.app/listings/between-18-20-length-in-feet/
367	https://campervans.vercel.app/listings/between-20-22-length-in-feet/
368	https://campervans.vercel.app/listings/under-14-length-in-feet/
369	https://campervans.vercel.app/listings/under-16-length-in-feet/
370	https://campervans.vercel.app/listings/under-18-length-in-feet/
371	https://campervans.vercel.app/listings/under-20-length-in-feet/
372	https://campervans.vercel.app/listings/over-22-length-in-feet/
373	https://campervans.vercel.app/listings/active/
374	https://campervans.vercel.app/listings/adria/
375	https://campervans.vercel.app/listings/apache/
376	https://campervans.vercel.app/listings/arctic/
377	https://campervans.vercel.app/listings/argonaut/
378	https://campervans.vercel.app/listings/ask-innovation/
379	https://campervans.vercel.app/listings/atlantic/
380	https://campervans.vercel.app/listings/atlas/
381	https://campervans.vercel.app/listings/aura/
382	https://campervans.vercel.app/listings/aus-rv/
383	https://campervans.vercel.app/listings/aus-wide/
384	https://campervans.vercel.app/listings/auscraft-rv/
385	https://campervans.vercel.app/listings/ausflex/
386	https://campervans.vercel.app/listings/aussie-fivestar/
387	https://campervans.vercel.app/listings/aussie-land-rv/
388	https://campervans.vercel.app/listings/aussie-wide/
389	https://campervans.vercel.app/listings/austrack-campers/
390	https://campervans.vercel.app/listings/australian-off-road/
391	https://campervans.vercel.app/listings/australis/
392	https://campervans.vercel.app/listings/avan/
393	https://campervans.vercel.app/listings/avida/
394	https://campervans.vercel.app/listings/bailey/
395	https://campervans.vercel.app/listings/bellarine/
396	https://campervans.vercel.app/listings/beyond-rv/
397	https://campervans.vercel.app/listings/billabong/
398	https://campervans.vercel.app/listings/black-series/
399	https://campervans.vercel.app/listings/blue-sky/
400	https://campervans.vercel.app/listings/blue-tongue/
401	https://campervans.vercel.app/listings/boroma/
402	https://campervans.vercel.app/listings/boss-adventure/
403	https://campervans.vercel.app/listings/boutique/
404	https://campervans.vercel.app/listings/brilliant/
405	https://campervans.vercel.app/listings/bruder/
406	https://campervans.vercel.app/listings/bushmaster/
407	https://campervans.vercel.app/listings/bushtracker/
408	https://campervans.vercel.app/listings/bushwakka/
409	https://campervans.vercel.app/listings/cadillac-rv/
410	https://campervans.vercel.app/listings/carrera/
411	https://campervans.vercel.app/listings/cedar/
412	https://campervans.vercel.app/listings/cell/
413	https://campervans.vercel.app/listings/centaur/
414	https://campervans.vercel.app/listings/chief/
415	https://campervans.vercel.app/listings/compass/
416	https://campervans.vercel.app/listings/complete-campsite/
417	https://campervans.vercel.app/listings/concept/
418	https://campervans.vercel.app/listings/concorde/
419	https://campervans.vercel.app/listings/condor/
420	https://campervans.vercel.app/listings/coromal/
421	https://campervans.vercel.app/listings/coronet-rv/
422	https://campervans.vercel.app/listings/cosy-cab/
423	https://campervans.vercel.app/listings/creative/
424	https://campervans.vercel.app/listings/crusader/
425	https://campervans.vercel.app/listings/crv/
426	https://campervans.vercel.app/listings/cub/
427	https://campervans.vercel.app/listings/davsher/
428	https://campervans.vercel.app/listings/deluxe/
429	https://campervans.vercel.app/listings/design-rv/
430	https://campervans.vercel.app/listings/domain/
431	https://campervans.vercel.app/listings/donway/
432	https://campervans.vercel.app/listings/dream-rv/
433	https://campervans.vercel.app/listings/dreamhaven/
434	https://campervans.vercel.app/listings/dreamseeker/
435	https://campervans.vercel.app/listings/eagle/
436	https://campervans.vercel.app/listings/ecotourer/
437	https://campervans.vercel.app/listings/eden/
438	https://campervans.vercel.app/listings/elddis/
439	https://campervans.vercel.app/listings/elite/
440	https://campervans.vercel.app/listings/elross/
441	https://campervans.vercel.app/listings/empire/
442	https://campervans.vercel.app/listings/equalizer-rv/
443	https://campervans.vercel.app/listings/essential/
444	https://campervans.vercel.app/listings/eternity/
445	https://campervans.vercel.app/listings/everest/
446	https://campervans.vercel.app/listings/evernew/
447	https://campervans.vercel.app/listings/evolution/
448	https://campervans.vercel.app/listings/explorer-rv/
449	https://campervans.vercel.app/listings/explorex/
450	https://campervans.vercel.app/listings/ezytrail/
451	https://campervans.vercel.app/listings/fantasy/
452	https://campervans.vercel.app/listings/far-horizon/
453	https://campervans.vercel.app/listings/first-class/
454	https://campervans.vercel.app/listings/fortitude/
455	https://campervans.vercel.app/listings/franklin/
456	https://campervans.vercel.app/listings/freebirds/
457	https://campervans.vercel.app/listings/fusion/
458	https://campervans.vercel.app/listings/future/
459	https://campervans.vercel.app/listings/galaxy/
460	https://campervans.vercel.app/listings/gazal/
461	https://campervans.vercel.app/listings/gold-class/
462	https://campervans.vercel.app/listings/golden-eagle/
463	https://campervans.vercel.app/listings/goldfields-campers/
464	https://campervans.vercel.app/listings/goldstar-rv/
465	https://campervans.vercel.app/listings/goldstream-rv/
466	https://campervans.vercel.app/listings/goldy/
467	https://campervans.vercel.app/listings/golf/
468	https://campervans.vercel.app/listings/goodlife-rv/
469	https://campervans.vercel.app/listings/grand/
470	https://campervans.vercel.app/listings/great-alpine/
471	https://campervans.vercel.app/listings/great-aussie/
472	https://campervans.vercel.app/listings/great-escape/
473	https://campervans.vercel.app/listings/great-ocean/
474	https://campervans.vercel.app/listings/gypsy-king/
475	https://campervans.vercel.app/listings/halen-vans/
476	https://campervans.vercel.app/listings/hardkorr-campers/
477	https://campervans.vercel.app/listings/harvok/
478	https://campervans.vercel.app/listings/highclere/
479	https://campervans.vercel.app/listings/highline/
480	https://campervans.vercel.app/listings/hike/
481	https://campervans.vercel.app/listings/hilltop/
482	https://campervans.vercel.app/listings/hinterland/
483	https://campervans.vercel.app/listings/hitch-hika/
484	https://campervans.vercel.app/listings/hurricane-rv/
485	https://campervans.vercel.app/listings/iconic/
486	https://campervans.vercel.app/listings/ideal-rv/
487	https://campervans.vercel.app/listings/imperial/
488	https://campervans.vercel.app/listings/inspired-rv/
489	https://campervans.vercel.app/listings/island-star/
490	https://campervans.vercel.app/listings/jawa/
491	https://campervans.vercel.app/listings/jayco/
492	https://campervans.vercel.app/listings/jb/
493	https://campervans.vercel.app/listings/jollyrover/
494	https://campervans.vercel.app/listings/jurgens/
495	https://campervans.vercel.app/listings/kakadu/
496	https://campervans.vercel.app/listings/kedron/
497	https://campervans.vercel.app/listings/kingdom/
498	https://campervans.vercel.app/listings/kokoda/
499	https://campervans.vercel.app/listings/la-vista/
500	https://campervans.vercel.app/listings/lagoon/
501	https://campervans.vercel.app/listings/lake-star/
502	https://campervans.vercel.app/listings/latitude-rv/
503	https://campervans.vercel.app/listings/leader/
504	https://campervans.vercel.app/listings/legacy/
505	https://campervans.vercel.app/listings/legend/
506	https://campervans.vercel.app/listings/lifestyle-campers/
507	https://campervans.vercel.app/listings/long-haul-campers/
508	https://campervans.vercel.app/listings/lotus/
509	https://campervans.vercel.app/listings/luckystar/
510	https://campervans.vercel.app/listings/lumberjack/
511	https://campervans.vercel.app/listings/lunar/
512	https://campervans.vercel.app/listings/lyfe-rv/
513	https://campervans.vercel.app/listings/majestic/
514	https://campervans.vercel.app/listings/malibu/
515	https://campervans.vercel.app/listings/mars-campers/
516	https://campervans.vercel.app/listings/marvel-rv/
517	https://campervans.vercel.app/listings/masterpiece/
518	https://campervans.vercel.app/listings/maverick/
519	https://campervans.vercel.app/listings/mdc/
520	https://campervans.vercel.app/listings/millard/
521	https://campervans.vercel.app/listings/momentum/
522	https://campervans.vercel.app/listings/montana/
523	https://campervans.vercel.app/listings/my-dream-rv/
524	https://campervans.vercel.app/listings/ndc/
525	https://campervans.vercel.app/listings/network-rv/
526	https://campervans.vercel.app/listings/new-age/
527	https://campervans.vercel.app/listings/new-design/
528	https://campervans.vercel.app/listings/new-line/
529	https://campervans.vercel.app/listings/newgen/
530	https://campervans.vercel.app/listings/newlands/
531	https://campervans.vercel.app/listings/nextgen/
532	https://campervans.vercel.app/listings/nomadic/
533	https://campervans.vercel.app/listings/nova/
534	https://campervans.vercel.app/listings/ocean-breeze/
535	https://campervans.vercel.app/listings/olympic/
536	https://campervans.vercel.app/listings/on-the-move/
537	https://campervans.vercel.app/listings/opal/
538	https://campervans.vercel.app/listings/option-rv/
539	https://campervans.vercel.app/listings/opus-campers/
540	https://campervans.vercel.app/listings/orbit/
541	https://campervans.vercel.app/listings/oz-star/
542	https://campervans.vercel.app/listings/oz-venture/
543	https://campervans.vercel.app/listings/oz-way/
544	https://campervans.vercel.app/listings/paramount/
545	https://campervans.vercel.app/listings/pathfinder/
546	https://campervans.vercel.app/listings/phoenix/
547	https://campervans.vercel.app/listings/pioneer/
548	https://campervans.vercel.app/listings/platinum/
549	https://campervans.vercel.app/listings/pmx/
550	https://campervans.vercel.app/listings/popular/
551	https://campervans.vercel.app/listings/prime-campers/
552	https://campervans.vercel.app/listings/prime-edge/
553	https://campervans.vercel.app/listings/prime-rv/
554	https://campervans.vercel.app/listings/pro-rv/
555	https://campervans.vercel.app/listings/radiant/
556	https://campervans.vercel.app/listings/ranger/
557	https://campervans.vercel.app/listings/red-centre/
558	https://campervans.vercel.app/listings/regal/
559	https://campervans.vercel.app/listings/regent/
560	https://campervans.vercel.app/listings/rembrandt/
561	https://campervans.vercel.app/listings/retreat/
562	https://campervans.vercel.app/listings/rhinomax/
563	https://campervans.vercel.app/listings/river/
564	https://campervans.vercel.app/listings/roadstar/
565	https://campervans.vercel.app/listings/roma/
566	https://campervans.vercel.app/listings/royal-flair/
567	https://campervans.vercel.app/listings/rp/
568	https://campervans.vercel.app/listings/safari/
569	https://campervans.vercel.app/listings/scenic/
570	https://campervans.vercel.app/listings/seascape/
571	https://campervans.vercel.app/listings/signature/
572	https://campervans.vercel.app/listings/silver-valley/
573	https://campervans.vercel.app/listings/silversun/
574	https://campervans.vercel.app/listings/slr/
575	https://campervans.vercel.app/listings/snowy-river/
576	https://campervans.vercel.app/listings/southern-cross/
577	https://campervans.vercel.app/listings/spaceland/
578	https://campervans.vercel.app/listings/spaceline/
579	https://campervans.vercel.app/listings/spinifex/
580	https://campervans.vercel.app/listings/sportscruiser/
581	https://campervans.vercel.app/listings/stallion/
582	https://campervans.vercel.app/listings/star-vision/
583	https://campervans.vercel.app/listings/stoney-creek/
584	https://campervans.vercel.app/listings/summit/
585	https://campervans.vercel.app/listings/suncoast/
586	https://campervans.vercel.app/listings/sunfinder/
587	https://campervans.vercel.app/listings/sunland/
588	https://campervans.vercel.app/listings/sunrise/
589	https://campervans.vercel.app/listings/sunseeker/
590	https://campervans.vercel.app/listings/sunset/
591	https://campervans.vercel.app/listings/sunshine-trail/
592	https://campervans.vercel.app/listings/sunstar/
593	https://campervans.vercel.app/listings/supreme/
594	https://campervans.vercel.app/listings/swag/
595	https://campervans.vercel.app/listings/swift/
596	https://campervans.vercel.app/listings/tango/
597	https://campervans.vercel.app/listings/the-little-caravan-company/
598	https://campervans.vercel.app/listings/titan/
599	https://campervans.vercel.app/listings/titanium/
600	https://campervans.vercel.app/listings/torus-rv/
601	https://campervans.vercel.app/listings/track/
602	https://campervans.vercel.app/listings/trail/
603	https://campervans.vercel.app/listings/trakmaster/
604	https://campervans.vercel.app/listings/traveller/
605	https://campervans.vercel.app/listings/travelstar/
606	https://campervans.vercel.app/listings/trident/
607	https://campervans.vercel.app/listings/tuff-track/
608	https://campervans.vercel.app/listings/union-rv/
609	https://campervans.vercel.app/listings/universal/
610	https://campervans.vercel.app/listings/urban/
611	https://campervans.vercel.app/listings/urecau/
612	https://campervans.vercel.app/listings/vacationer/
613	https://campervans.vercel.app/listings/van-cruiser/
614	https://campervans.vercel.app/listings/vanguard/
615	https://campervans.vercel.app/listings/vecto/
616	https://campervans.vercel.app/listings/vibe/
617	https://campervans.vercel.app/listings/victory/
618	https://campervans.vercel.app/listings/viscount/
619	https://campervans.vercel.app/listings/vision-rv/
620	https://campervans.vercel.app/listings/vivid/
621	https://campervans.vercel.app/listings/wander-series/
622	https://campervans.vercel.app/listings/western/
623	https://campervans.vercel.app/listings/western-star/
624	https://campervans.vercel.app/listings/wildtrail/
625	https://campervans.vercel.app/listings/willow-rv/
626	https://campervans.vercel.app/listings/windsor/
627	https://campervans.vercel.app/listings/x-series-rv/
628	https://campervans.vercel.app/listings/xplore-rv/
629	https://campervans.vercel.app/listings/xtour/
630	https://campervans.vercel.app/listings/xtreme/
631	https://campervans.vercel.app/listings/york/
632	https://campervans.vercel.app/listings/zone-rv/
633	https://campervans.vercel.app/listings/off-road-category/australian-capital-territory-state/australian-capital-territory-region/
634	https://campervans.vercel.app/listings/off-road-category/new-south-wales-state/sydney-region/
635	https://campervans.vercel.app/listings/off-road-category/new-south-wales-state/newcastle-region/
636	https://campervans.vercel.app/listings/off-road-category/new-south-wales-state/central-coast-region/
637	https://campervans.vercel.app/listings/off-road-category/new-south-wales-state/hunter-region/
638	https://campervans.vercel.app/listings/off-road-category/new-south-wales-state/illawarra-region/
639	https://campervans.vercel.app/listings/off-road-category/new-south-wales-state/mid-north-coast-region/
640	https://campervans.vercel.app/listings/off-road-category/new-south-wales-state/coffs-harbour-region/
641	https://campervans.vercel.app/listings/off-road-category/new-south-wales-state/richmond-tweed-region/
642	https://campervans.vercel.app/listings/off-road-category/new-south-wales-state/central-west-region/
643	https://campervans.vercel.app/listings/off-road-category/new-south-wales-state/riverina-region/
644	https://campervans.vercel.app/listings/off-road-category/queensland-state/brisbane-region/
645	https://campervans.vercel.app/listings/off-road-category/queensland-state/gold-coast-region/
646	https://campervans.vercel.app/listings/off-road-category/queensland-state/sunshine-coast-region/
647	https://campervans.vercel.app/listings/off-road-category/queensland-state/cairns-region/
648	https://campervans.vercel.app/listings/off-road-category/queensland-state/townsville-region/
649	https://campervans.vercel.app/listings/off-road-category/queensland-state/toowoomba-region/
650	https://campervans.vercel.app/listings/off-road-category/queensland-state/wide-bay-region/
651	https://campervans.vercel.app/listings/off-road-category/queensland-state/mackay-isaac-whitsunday-region/
652	https://campervans.vercel.app/listings/off-road-category/queensland-state/central-queensland-region/
653	https://campervans.vercel.app/listings/off-road-category/south-australia-state/adelaide-region/
654	https://campervans.vercel.app/listings/off-road-category/south-australia-state/barossa-yorke-mid-north-region/
655	https://campervans.vercel.app/listings/off-road-category/northern-territory-state/darwin-region/
656	https://campervans.vercel.app/listings/off-road-category/over-3000-kg-atm/
657	https://campervans.vercel.app/listings/hybrid-category/over-3000-kg-atm/
658	https://campervans.vercel.app/listings/pop-top-category/over-3000-kg-atm/
659	https://campervans.vercel.app/listings/luxury-category/over-3000-kg-atm/
660	https://campervans.vercel.app/listings/family-category/over-3000-kg-atm/
661	https://campervans.vercel.app/listings/touring-category/over-3000-kg-atm/
662	https://campervans.vercel.app/listings/australian-capital-territory-state/over-3000-kg-atm/
663	https://campervans.vercel.app/listings/new-south-wales-state/over-3000-kg-atm/
664	https://campervans.vercel.app/listings/northern-territory-state/over-3000-kg-atm/
665	https://campervans.vercel.app/listings/queensland-state/over-3000-kg-atm/
666	https://campervans.vercel.app/listings/south-australia-state/over-3000-kg-atm/
667	https://campervans.vercel.app/listings/tasmania-state/over-3000-kg-atm/
668	https://campervans.vercel.app/listings/victoria-state/over-3000-kg-atm/
669	https://campervans.vercel.app/listings/western-australia-state/over-3000-kg-atm/
670	https://campervans.vercel.app/listings/australian-capital-territory-state/australian-capital-territory-region/over-3000-kg-atm/
671	https://campervans.vercel.app/listings/new-south-wales-state/sydney-region/over-3000-kg-atm/
672	https://campervans.vercel.app/listings/new-south-wales-state/newcastle-region/over-3000-kg-atm/
673	https://campervans.vercel.app/listings/new-south-wales-state/central-coast-region/over-3000-kg-atm/
674	https://campervans.vercel.app/listings/new-south-wales-state/hunter-region/over-3000-kg-atm/
675	https://campervans.vercel.app/listings/new-south-wales-state/illawarra-region/over-3000-kg-atm/
676	https://campervans.vercel.app/listings/new-south-wales-state/mid-north-coast-region/over-3000-kg-atm/
677	https://campervans.vercel.app/listings/new-south-wales-state/coffs-harbour-region/over-3000-kg-atm/
678	https://campervans.vercel.app/listings/new-south-wales-state/richmond-tweed-region/over-3000-kg-atm/
679	https://campervans.vercel.app/listings/new-south-wales-state/central-west-region/over-3000-kg-atm/
680	https://campervans.vercel.app/listings/new-south-wales-state/riverina-region/over-3000-kg-atm/
681	https://campervans.vercel.app/listings/queensland-state/brisbane-region/over-3000-kg-atm/
682	https://campervans.vercel.app/listings/queensland-state/gold-coast-region/over-3000-kg-atm/
683	https://campervans.vercel.app/listings/queensland-state/sunshine-coast-region/over-3000-kg-atm/
684	https://campervans.vercel.app/listings/queensland-state/cairns-region/over-3000-kg-atm/
685	https://campervans.vercel.app/listings/queensland-state/townsville-region/over-3000-kg-atm/
686	https://campervans.vercel.app/listings/queensland-state/toowoomba-region/over-3000-kg-atm/
687	https://campervans.vercel.app/listings/queensland-state/wide-bay-region/over-3000-kg-atm/
688	https://campervans.vercel.app/listings/queensland-state/mackay-isaac-whitsunday-region/over-3000-kg-atm/
689	https://campervans.vercel.app/listings/queensland-state/central-queensland-region/over-3000-kg-atm/
690	https://campervans.vercel.app/listings/victoria-state/melbourne-region/over-3000-kg-atm/
691	https://campervans.vercel.app/listings/victoria-state/geelong-region/over-3000-kg-atm/
692	https://campervans.vercel.app/listings/victoria-state/ballarat-region/over-3000-kg-atm/
693	https://campervans.vercel.app/listings/victoria-state/bendigo-region/over-3000-kg-atm/
694	https://campervans.vercel.app/listings/victoria-state/mornington-peninsula-region/over-3000-kg-atm/
695	https://campervans.vercel.app/listings/victoria-state/latrobe-gippsland-region/over-3000-kg-atm/
696	https://campervans.vercel.app/listings/victoria-state/hume-region/over-3000-kg-atm/
697	https://campervans.vercel.app/listings/victoria-state/shepparton-region/over-3000-kg-atm/
698	https://campervans.vercel.app/listings/victoria-state/warrnambool-and-south-west-region/over-3000-kg-atm/
699	https://campervans.vercel.app/listings/south-australia-state/adelaide-region/over-3000-kg-atm/
700	https://campervans.vercel.app/listings/south-australia-state/barossa-yorke-mid-north-region/over-3000-kg-atm/
701	https://campervans.vercel.app/listings/south-australia-state/south-australia-south-east-region/over-3000-kg-atm/
702	https://campervans.vercel.app/listings/tasmania-state/hobart-region/over-3000-kg-atm/
703	https://campervans.vercel.app/listings/tasmania-state/launceston-region/over-3000-kg-atm/
704	https://campervans.vercel.app/listings/tasmania-state/north-west-region/over-3000-kg-atm/
705	https://campervans.vercel.app/listings/western-australia-state/perth-region/over-3000-kg-atm/
706	https://campervans.vercel.app/listings/western-australia-state/bunbury-region/over-3000-kg-atm/
707	https://campervans.vercel.app/listings/western-australia-state/mandurah-region/over-3000-kg-atm/
708	https://campervans.vercel.app/listings/western-australia-state/western-australia-wheat-belt-region/over-3000-kg-atm/
709	https://campervans.vercel.app/listings/northern-territory-state/darwin-region/over-3000-kg-atm/
710	https://campervans.vercel.app/listings/off-road-category/over-3500-kg-atm/
711	https://campervans.vercel.app/listings/hybrid-category/over-3500-kg-atm/
712	https://campervans.vercel.app/listings/pop-top-category/over-3500-kg-atm/
713	https://campervans.vercel.app/listings/luxury-category/over-3500-kg-atm/
714	https://campervans.vercel.app/listings/family-category/over-3500-kg-atm/
715	https://campervans.vercel.app/listings/touring-category/over-3500-kg-atm/
716	https://campervans.vercel.app/listings/australian-capital-territory-state/over-3500-kg-atm/
717	https://campervans.vercel.app/listings/new-south-wales-state/over-3500-kg-atm/
718	https://campervans.vercel.app/listings/northern-territory-state/over-3500-kg-atm/
719	https://campervans.vercel.app/listings/queensland-state/over-3500-kg-atm/
720	https://campervans.vercel.app/listings/south-australia-state/over-3500-kg-atm/
721	https://campervans.vercel.app/listings/tasmania-state/over-3500-kg-atm/
722	https://campervans.vercel.app/listings/victoria-state/over-3500-kg-atm/
723	https://campervans.vercel.app/listings/western-australia-state/over-3500-kg-atm/
724	https://campervans.vercel.app/listings/australian-capital-territory-state/australian-capital-territory-region/over-3500-kg-atm/
725	https://campervans.vercel.app/listings/new-south-wales-state/sydney-region/over-3500-kg-atm/
726	https://campervans.vercel.app/listings/new-south-wales-state/newcastle-region/over-3500-kg-atm/
727	https://campervans.vercel.app/listings/new-south-wales-state/central-coast-region/over-3500-kg-atm/
728	https://campervans.vercel.app/listings/new-south-wales-state/hunter-region/over-3500-kg-atm/
729	https://campervans.vercel.app/listings/new-south-wales-state/illawarra-region/over-3500-kg-atm/
730	https://campervans.vercel.app/listings/new-south-wales-state/mid-north-coast-region/over-3500-kg-atm/
731	https://campervans.vercel.app/listings/new-south-wales-state/coffs-harbour-region/over-3500-kg-atm/
732	https://campervans.vercel.app/listings/new-south-wales-state/richmond-tweed-region/over-3500-kg-atm/
733	https://campervans.vercel.app/listings/new-south-wales-state/central-west-region/over-3500-kg-atm/
734	https://campervans.vercel.app/listings/new-south-wales-state/riverina-region/over-3500-kg-atm/
735	https://campervans.vercel.app/listings/queensland-state/brisbane-region/over-3500-kg-atm/
736	https://campervans.vercel.app/listings/queensland-state/gold-coast-region/over-3500-kg-atm/
737	https://campervans.vercel.app/listings/queensland-state/sunshine-coast-region/over-3500-kg-atm/
738	https://campervans.vercel.app/listings/queensland-state/cairns-region/over-3500-kg-atm/
739	https://campervans.vercel.app/listings/queensland-state/townsville-region/over-3500-kg-atm/
740	https://campervans.vercel.app/listings/queensland-state/toowoomba-region/over-3500-kg-atm/
741	https://campervans.vercel.app/listings/queensland-state/wide-bay-region/over-3500-kg-atm/
742	https://campervans.vercel.app/listings/queensland-state/mackay-isaac-whitsunday-region/over-3500-kg-atm/
743	https://campervans.vercel.app/listings/queensland-state/central-queensland-region/over-3500-kg-atm/
744	https://campervans.vercel.app/listings/victoria-state/melbourne-region/over-3500-kg-atm/
745	https://campervans.vercel.app/listings/victoria-state/geelong-region/over-3500-kg-atm/
746	https://campervans.vercel.app/listings/victoria-state/ballarat-region/over-3500-kg-atm/
747	https://campervans.vercel.app/listings/victoria-state/bendigo-region/over-3500-kg-atm/
748	https://campervans.vercel.app/listings/victoria-state/mornington-peninsula-region/over-3500-kg-atm/
749	https://campervans.vercel.app/listings/victoria-state/latrobe-gippsland-region/over-3500-kg-atm/
750	https://campervans.vercel.app/listings/victoria-state/hume-region/over-3500-kg-atm/
751	https://campervans.vercel.app/listings/victoria-state/shepparton-region/over-3500-kg-atm/
752	https://campervans.vercel.app/listings/victoria-state/warrnambool-and-south-west-region/over-3500-kg-atm/
753	https://campervans.vercel.app/listings/south-australia-state/adelaide-region/over-3500-kg-atm/
754	https://campervans.vercel.app/listings/south-australia-state/barossa-yorke-mid-north-region/over-3500-kg-atm/
755	https://campervans.vercel.app/listings/south-australia-state/south-australia-south-east-region/over-3500-kg-atm/
756	https://campervans.vercel.app/listings/tasmania-state/hobart-region/over-3500-kg-atm/
757	https://campervans.vercel.app/listings/tasmania-state/launceston-region/over-3500-kg-atm/
758	https://campervans.vercel.app/listings/tasmania-state/north-west-region/over-3500-kg-atm/
759	https://campervans.vercel.app/listings/western-australia-state/perth-region/over-3500-kg-atm/
760	https://campervans.vercel.app/listings/western-australia-state/bunbury-region/over-3500-kg-atm/
761	https://campervans.vercel.app/listings/western-australia-state/mandurah-region/over-3500-kg-atm/
762	https://campervans.vercel.app/listings/western-australia-state/western-australia-wheat-belt-region/over-3500-kg-atm/
763	https://campervans.vercel.app/listings/northern-territory-state/darwin-region/over-3500-kg-atm/
764	https://campervans.vercel.app/listings/off-road-category/under-1500-kg-atm/
765	https://campervans.vercel.app/listings/hybrid-category/under-1500-kg-atm/
766	https://campervans.vercel.app/listings/pop-top-category/under-1500-kg-atm/
767	https://campervans.vercel.app/listings/luxury-category/under-1500-kg-atm/
768	https://campervans.vercel.app/listings/family-category/under-1500-kg-atm/
769	https://campervans.vercel.app/listings/touring-category/under-1500-kg-atm/
770	https://campervans.vercel.app/listings/australian-capital-territory-state/under-1500-kg-atm/
771	https://campervans.vercel.app/listings/new-south-wales-state/under-1500-kg-atm/
772	https://campervans.vercel.app/listings/northern-territory-state/under-1500-kg-atm/
773	https://campervans.vercel.app/listings/queensland-state/under-1500-kg-atm/
774	https://campervans.vercel.app/listings/south-australia-state/under-1500-kg-atm/
775	https://campervans.vercel.app/listings/tasmania-state/under-1500-kg-atm/
776	https://campervans.vercel.app/listings/victoria-state/under-1500-kg-atm/
777	https://campervans.vercel.app/listings/western-australia-state/under-1500-kg-atm/
778	https://campervans.vercel.app/listings/australian-capital-territory-state/australian-capital-territory-region/under-1500-kg-atm/
779	https://campervans.vercel.app/listings/new-south-wales-state/sydney-region/under-1500-kg-atm/
780	https://campervans.vercel.app/listings/new-south-wales-state/newcastle-region/under-1500-kg-atm/
781	https://campervans.vercel.app/listings/new-south-wales-state/central-coast-region/under-1500-kg-atm/
782	https://campervans.vercel.app/listings/new-south-wales-state/hunter-region/under-1500-kg-atm/
783	https://campervans.vercel.app/listings/new-south-wales-state/illawarra-region/under-1500-kg-atm/
784	https://campervans.vercel.app/listings/new-south-wales-state/mid-north-coast-region/under-1500-kg-atm/
785	https://campervans.vercel.app/listings/new-south-wales-state/coffs-harbour-region/under-1500-kg-atm/
786	https://campervans.vercel.app/listings/new-south-wales-state/richmond-tweed-region/under-1500-kg-atm/
787	https://campervans.vercel.app/listings/new-south-wales-state/central-west-region/under-1500-kg-atm/
788	https://campervans.vercel.app/listings/new-south-wales-state/riverina-region/under-1500-kg-atm/
789	https://campervans.vercel.app/listings/queensland-state/brisbane-region/under-1500-kg-atm/
790	https://campervans.vercel.app/listings/queensland-state/gold-coast-region/under-1500-kg-atm/
791	https://campervans.vercel.app/listings/queensland-state/sunshine-coast-region/under-1500-kg-atm/
792	https://campervans.vercel.app/listings/queensland-state/cairns-region/under-1500-kg-atm/
793	https://campervans.vercel.app/listings/queensland-state/townsville-region/under-1500-kg-atm/
794	https://campervans.vercel.app/listings/queensland-state/toowoomba-region/under-1500-kg-atm/
795	https://campervans.vercel.app/listings/queensland-state/wide-bay-region/under-1500-kg-atm/
796	https://campervans.vercel.app/listings/queensland-state/mackay-isaac-whitsunday-region/under-1500-kg-atm/
797	https://campervans.vercel.app/listings/queensland-state/central-queensland-region/under-1500-kg-atm/
798	https://campervans.vercel.app/listings/victoria-state/melbourne-region/under-1500-kg-atm/
799	https://campervans.vercel.app/listings/victoria-state/geelong-region/under-1500-kg-atm/
800	https://campervans.vercel.app/listings/victoria-state/ballarat-region/under-1500-kg-atm/
801	https://campervans.vercel.app/listings/victoria-state/bendigo-region/under-1500-kg-atm/
802	https://campervans.vercel.app/listings/victoria-state/mornington-peninsula-region/under-1500-kg-atm/
803	https://campervans.vercel.app/listings/victoria-state/latrobe-gippsland-region/under-1500-kg-atm/
804	https://campervans.vercel.app/listings/victoria-state/hume-region/under-1500-kg-atm/
805	https://campervans.vercel.app/listings/victoria-state/shepparton-region/under-1500-kg-atm/
806	https://campervans.vercel.app/listings/victoria-state/warrnambool-and-south-west-region/under-1500-kg-atm/
807	https://campervans.vercel.app/listings/south-australia-state/adelaide-region/under-1500-kg-atm/
808	https://campervans.vercel.app/listings/south-australia-state/barossa-yorke-mid-north-region/under-1500-kg-atm/
809	https://campervans.vercel.app/listings/south-australia-state/south-australia-south-east-region/under-1500-kg-atm/
810	https://campervans.vercel.app/listings/tasmania-state/hobart-region/under-1500-kg-atm/
811	https://campervans.vercel.app/listings/tasmania-state/launceston-region/under-1500-kg-atm/
812	https://campervans.vercel.app/listings/tasmania-state/north-west-region/under-1500-kg-atm/
813	https://campervans.vercel.app/listings/western-australia-state/perth-region/under-1500-kg-atm/
814	https://campervans.vercel.app/listings/western-australia-state/bunbury-region/under-1500-kg-atm/
815	https://campervans.vercel.app/listings/western-australia-state/mandurah-region/under-1500-kg-atm/
816	https://campervans.vercel.app/listings/western-australia-state/western-australia-wheat-belt-region/under-1500-kg-atm/
817	https://campervans.vercel.app/listings/northern-territory-state/darwin-region/under-1500-kg-atm/
818	https://campervans.vercel.app/listings/off-road-category/under-2000-kg-atm/
819	https://campervans.vercel.app/listings/hybrid-category/under-2000-kg-atm/
820	https://campervans.vercel.app/listings/pop-top-category/under-2000-kg-atm/
821	https://campervans.vercel.app/listings/luxury-category/under-2000-kg-atm/
822	https://campervans.vercel.app/listings/family-category/under-2000-kg-atm/
823	https://campervans.vercel.app/listings/touring-category/under-2000-kg-atm/
824	https://campervans.vercel.app/listings/australian-capital-territory-state/under-2000-kg-atm/
825	https://campervans.vercel.app/listings/new-south-wales-state/under-2000-kg-atm/
826	https://campervans.vercel.app/listings/northern-territory-state/under-2000-kg-atm/
827	https://campervans.vercel.app/listings/queensland-state/under-2000-kg-atm/
828	https://campervans.vercel.app/listings/south-australia-state/under-2000-kg-atm/
829	https://campervans.vercel.app/listings/tasmania-state/under-2000-kg-atm/
830	https://campervans.vercel.app/listings/victoria-state/under-2000-kg-atm/
831	https://campervans.vercel.app/listings/western-australia-state/under-2000-kg-atm/
832	https://campervans.vercel.app/listings/australian-capital-territory-state/australian-capital-territory-region/under-2000-kg-atm/
833	https://campervans.vercel.app/listings/new-south-wales-state/sydney-region/under-2000-kg-atm/
834	https://campervans.vercel.app/listings/new-south-wales-state/newcastle-region/under-2000-kg-atm/
835	https://campervans.vercel.app/listings/new-south-wales-state/central-coast-region/under-2000-kg-atm/
836	https://campervans.vercel.app/listings/new-south-wales-state/hunter-region/under-2000-kg-atm/
837	https://campervans.vercel.app/listings/new-south-wales-state/illawarra-region/under-2000-kg-atm/
838	https://campervans.vercel.app/listings/new-south-wales-state/mid-north-coast-region/under-2000-kg-atm/
839	https://campervans.vercel.app/listings/new-south-wales-state/coffs-harbour-region/under-2000-kg-atm/
840	https://campervans.vercel.app/listings/new-south-wales-state/richmond-tweed-region/under-2000-kg-atm/
841	https://campervans.vercel.app/listings/new-south-wales-state/central-west-region/under-2000-kg-atm/
842	https://campervans.vercel.app/listings/new-south-wales-state/riverina-region/under-2000-kg-atm/
843	https://campervans.vercel.app/listings/queensland-state/brisbane-region/under-2000-kg-atm/
844	https://campervans.vercel.app/listings/queensland-state/gold-coast-region/under-2000-kg-atm/
845	https://campervans.vercel.app/listings/queensland-state/sunshine-coast-region/under-2000-kg-atm/
846	https://campervans.vercel.app/listings/queensland-state/cairns-region/under-2000-kg-atm/
847	https://campervans.vercel.app/listings/queensland-state/townsville-region/under-2000-kg-atm/
848	https://campervans.vercel.app/listings/queensland-state/toowoomba-region/under-2000-kg-atm/
849	https://campervans.vercel.app/listings/queensland-state/wide-bay-region/under-2000-kg-atm/
850	https://campervans.vercel.app/listings/queensland-state/mackay-isaac-whitsunday-region/under-2000-kg-atm/
851	https://campervans.vercel.app/listings/queensland-state/central-queensland-region/under-2000-kg-atm/
852	https://campervans.vercel.app/listings/victoria-state/melbourne-region/under-2000-kg-atm/
853	https://campervans.vercel.app/listings/victoria-state/geelong-region/under-2000-kg-atm/
854	https://campervans.vercel.app/listings/victoria-state/ballarat-region/under-2000-kg-atm/
855	https://campervans.vercel.app/listings/victoria-state/bendigo-region/under-2000-kg-atm/
856	https://campervans.vercel.app/listings/victoria-state/mornington-peninsula-region/under-2000-kg-atm/
857	https://campervans.vercel.app/listings/victoria-state/latrobe-gippsland-region/under-2000-kg-atm/
858	https://campervans.vercel.app/listings/victoria-state/hume-region/under-2000-kg-atm/
859	https://campervans.vercel.app/listings/victoria-state/shepparton-region/under-2000-kg-atm/
860	https://campervans.vercel.app/listings/victoria-state/warrnambool-and-south-west-region/under-2000-kg-atm/
861	https://campervans.vercel.app/listings/south-australia-state/adelaide-region/under-2000-kg-atm/
862	https://campervans.vercel.app/listings/south-australia-state/barossa-yorke-mid-north-region/under-2000-kg-atm/
863	https://campervans.vercel.app/listings/south-australia-state/south-australia-south-east-region/under-2000-kg-atm/
864	https://campervans.vercel.app/listings/tasmania-state/hobart-region/under-2000-kg-atm/
865	https://campervans.vercel.app/listings/tasmania-state/launceston-region/under-2000-kg-atm/
866	https://campervans.vercel.app/listings/tasmania-state/north-west-region/under-2000-kg-atm/
867	https://campervans.vercel.app/listings/western-australia-state/perth-region/under-2000-kg-atm/
868	https://campervans.vercel.app/listings/western-australia-state/bunbury-region/under-2000-kg-atm/
869	https://campervans.vercel.app/listings/western-australia-state/mandurah-region/under-2000-kg-atm/
870	https://campervans.vercel.app/listings/western-australia-state/western-australia-wheat-belt-region/under-2000-kg-atm/
871	https://campervans.vercel.app/listings/northern-territory-state/darwin-region/under-2000-kg-atm/
872	https://campervans.vercel.app/listings/off-road-category/under-2500-kg-atm/
873	https://campervans.vercel.app/listings/hybrid-category/under-2500-kg-atm/
874	https://campervans.vercel.app/listings/pop-top-category/under-2500-kg-atm/
875	https://campervans.vercel.app/listings/luxury-category/under-2500-kg-atm/
876	https://campervans.vercel.app/listings/family-category/under-2500-kg-atm/
877	https://campervans.vercel.app/listings/touring-category/under-2500-kg-atm/
878	https://campervans.vercel.app/listings/australian-capital-territory-state/under-2500-kg-atm/
879	https://campervans.vercel.app/listings/new-south-wales-state/under-2500-kg-atm/
880	https://campervans.vercel.app/listings/northern-territory-state/under-2500-kg-atm/
881	https://campervans.vercel.app/listings/queensland-state/under-2500-kg-atm/
882	https://campervans.vercel.app/listings/south-australia-state/under-2500-kg-atm/
883	https://campervans.vercel.app/listings/tasmania-state/under-2500-kg-atm/
884	https://campervans.vercel.app/listings/victoria-state/under-2500-kg-atm/
885	https://campervans.vercel.app/listings/western-australia-state/under-2500-kg-atm/
886	https://campervans.vercel.app/listings/australian-capital-territory-state/australian-capital-territory-region/under-2500-kg-atm/
887	https://campervans.vercel.app/listings/new-south-wales-state/sydney-region/under-2500-kg-atm/
888	https://campervans.vercel.app/listings/new-south-wales-state/newcastle-region/under-2500-kg-atm/
889	https://campervans.vercel.app/listings/new-south-wales-state/central-coast-region/under-2500-kg-atm/
890	https://campervans.vercel.app/listings/new-south-wales-state/hunter-region/under-2500-kg-atm/
891	https://campervans.vercel.app/listings/new-south-wales-state/illawarra-region/under-2500-kg-atm/
892	https://campervans.vercel.app/listings/new-south-wales-state/mid-north-coast-region/under-2500-kg-atm/
893	https://campervans.vercel.app/listings/new-south-wales-state/coffs-harbour-region/under-2500-kg-atm/
894	https://campervans.vercel.app/listings/new-south-wales-state/richmond-tweed-region/under-2500-kg-atm/
895	https://campervans.vercel.app/listings/new-south-wales-state/central-west-region/under-2500-kg-atm/
896	https://campervans.vercel.app/listings/new-south-wales-state/riverina-region/under-2500-kg-atm/
897	https://campervans.vercel.app/listings/queensland-state/brisbane-region/under-2500-kg-atm/
898	https://campervans.vercel.app/listings/queensland-state/gold-coast-region/under-2500-kg-atm/
899	https://campervans.vercel.app/listings/queensland-state/sunshine-coast-region/under-2500-kg-atm/
900	https://campervans.vercel.app/listings/queensland-state/cairns-region/under-2500-kg-atm/
901	https://campervans.vercel.app/listings/queensland-state/townsville-region/under-2500-kg-atm/
902	https://campervans.vercel.app/listings/queensland-state/toowoomba-region/under-2500-kg-atm/
903	https://campervans.vercel.app/listings/queensland-state/wide-bay-region/under-2500-kg-atm/
904	https://campervans.vercel.app/listings/queensland-state/mackay-isaac-whitsunday-region/under-2500-kg-atm/
905	https://campervans.vercel.app/listings/queensland-state/central-queensland-region/under-2500-kg-atm/
906	https://campervans.vercel.app/listings/victoria-state/melbourne-region/under-2500-kg-atm/
907	https://campervans.vercel.app/listings/victoria-state/geelong-region/under-2500-kg-atm/
908	https://campervans.vercel.app/listings/victoria-state/ballarat-region/under-2500-kg-atm/
909	https://campervans.vercel.app/listings/victoria-state/bendigo-region/under-2500-kg-atm/
910	https://campervans.vercel.app/listings/victoria-state/mornington-peninsula-region/under-2500-kg-atm/
911	https://campervans.vercel.app/listings/victoria-state/latrobe-gippsland-region/under-2500-kg-atm/
912	https://campervans.vercel.app/listings/victoria-state/hume-region/under-2500-kg-atm/
913	https://campervans.vercel.app/listings/victoria-state/shepparton-region/under-2500-kg-atm/
914	https://campervans.vercel.app/listings/victoria-state/warrnambool-and-south-west-region/under-2500-kg-atm/
915	https://campervans.vercel.app/listings/south-australia-state/adelaide-region/under-2500-kg-atm/
916	https://campervans.vercel.app/listings/south-australia-state/barossa-yorke-mid-north-region/under-2500-kg-atm/
917	https://campervans.vercel.app/listings/south-australia-state/south-australia-south-east-region/under-2500-kg-atm/
918	https://campervans.vercel.app/listings/tasmania-state/hobart-region/under-2500-kg-atm/
919	https://campervans.vercel.app/listings/tasmania-state/launceston-region/under-2500-kg-atm/
920	https://campervans.vercel.app/listings/tasmania-state/north-west-region/under-2500-kg-atm/
921	https://campervans.vercel.app/listings/western-australia-state/perth-region/under-2500-kg-atm/
922	https://campervans.vercel.app/listings/western-australia-state/bunbury-region/under-2500-kg-atm/
923	https://campervans.vercel.app/listings/western-australia-state/mandurah-region/under-2500-kg-atm/
924	https://campervans.vercel.app/listings/western-australia-state/western-australia-wheat-belt-region/under-2500-kg-atm/
925	https://campervans.vercel.app/listings/northern-territory-state/darwin-region/under-2500-kg-atm/
926	https://campervans.vercel.app/listings/off-road-category/under-3000-kg-atm/
927	https://campervans.vercel.app/listings/hybrid-category/under-3000-kg-atm/
928	https://campervans.vercel.app/listings/pop-top-category/under-3000-kg-atm/
929	https://campervans.vercel.app/listings/luxury-category/under-3000-kg-atm/
930	https://campervans.vercel.app/listings/family-category/under-3000-kg-atm/
931	https://campervans.vercel.app/listings/touring-category/under-3000-kg-atm/
932	https://campervans.vercel.app/listings/australian-capital-territory-state/under-3000-kg-atm/
933	https://campervans.vercel.app/listings/new-south-wales-state/under-3000-kg-atm/
934	https://campervans.vercel.app/listings/northern-territory-state/under-3000-kg-atm/
935	https://campervans.vercel.app/listings/queensland-state/under-3000-kg-atm/
936	https://campervans.vercel.app/listings/south-australia-state/under-3000-kg-atm/
937	https://campervans.vercel.app/listings/tasmania-state/under-3000-kg-atm/
938	https://campervans.vercel.app/listings/victoria-state/under-3000-kg-atm/
939	https://campervans.vercel.app/listings/western-australia-state/under-3000-kg-atm/
940	https://campervans.vercel.app/listings/australian-capital-territory-state/australian-capital-territory-region/under-3000-kg-atm/
941	https://campervans.vercel.app/listings/new-south-wales-state/sydney-region/under-3000-kg-atm/
942	https://campervans.vercel.app/listings/new-south-wales-state/newcastle-region/under-3000-kg-atm/
943	https://campervans.vercel.app/listings/new-south-wales-state/central-coast-region/under-3000-kg-atm/
944	https://campervans.vercel.app/listings/new-south-wales-state/hunter-region/under-3000-kg-atm/
945	https://campervans.vercel.app/listings/new-south-wales-state/illawarra-region/under-3000-kg-atm/
946	https://campervans.vercel.app/listings/new-south-wales-state/mid-north-coast-region/under-3000-kg-atm/
947	https://campervans.vercel.app/listings/new-south-wales-state/coffs-harbour-region/under-3000-kg-atm/
948	https://campervans.vercel.app/listings/new-south-wales-state/richmond-tweed-region/under-3000-kg-atm/
949	https://campervans.vercel.app/listings/new-south-wales-state/central-west-region/under-3000-kg-atm/
950	https://campervans.vercel.app/listings/new-south-wales-state/riverina-region/under-3000-kg-atm/
951	https://campervans.vercel.app/listings/queensland-state/brisbane-region/under-3000-kg-atm/
952	https://campervans.vercel.app/listings/queensland-state/gold-coast-region/under-3000-kg-atm/
953	https://campervans.vercel.app/listings/queensland-state/sunshine-coast-region/under-3000-kg-atm/
954	https://campervans.vercel.app/listings/queensland-state/cairns-region/under-3000-kg-atm/
955	https://campervans.vercel.app/listings/queensland-state/townsville-region/under-3000-kg-atm/
956	https://campervans.vercel.app/listings/queensland-state/toowoomba-region/under-3000-kg-atm/
957	https://campervans.vercel.app/listings/queensland-state/wide-bay-region/under-3000-kg-atm/
958	https://campervans.vercel.app/listings/queensland-state/mackay-isaac-whitsunday-region/under-3000-kg-atm/
959	https://campervans.vercel.app/listings/queensland-state/central-queensland-region/under-3000-kg-atm/
960	https://campervans.vercel.app/listings/victoria-state/melbourne-region/under-3000-kg-atm/
961	https://campervans.vercel.app/listings/victoria-state/geelong-region/under-3000-kg-atm/
962	https://campervans.vercel.app/listings/victoria-state/ballarat-region/under-3000-kg-atm/
963	https://campervans.vercel.app/listings/victoria-state/bendigo-region/under-3000-kg-atm/
964	https://campervans.vercel.app/listings/victoria-state/mornington-peninsula-region/under-3000-kg-atm/
965	https://campervans.vercel.app/listings/victoria-state/latrobe-gippsland-region/under-3000-kg-atm/
966	https://campervans.vercel.app/listings/victoria-state/hume-region/under-3000-kg-atm/
967	https://campervans.vercel.app/listings/victoria-state/shepparton-region/under-3000-kg-atm/
968	https://campervans.vercel.app/listings/victoria-state/warrnambool-and-south-west-region/under-3000-kg-atm/
969	https://campervans.vercel.app/listings/south-australia-state/adelaide-region/under-3000-kg-atm/
970	https://campervans.vercel.app/listings/south-australia-state/barossa-yorke-mid-north-region/under-3000-kg-atm/
971	https://campervans.vercel.app/listings/south-australia-state/south-australia-south-east-region/under-3000-kg-atm/
972	https://campervans.vercel.app/listings/tasmania-state/hobart-region/under-3000-kg-atm/
973	https://campervans.vercel.app/listings/tasmania-state/launceston-region/under-3000-kg-atm/
974	https://campervans.vercel.app/listings/tasmania-state/north-west-region/under-3000-kg-atm/
975	https://campervans.vercel.app/listings/western-australia-state/perth-region/under-3000-kg-atm/
976	https://campervans.vercel.app/listings/western-australia-state/bunbury-region/under-3000-kg-atm/
977	https://campervans.vercel.app/listings/western-australia-state/mandurah-region/under-3000-kg-atm/
978	https://campervans.vercel.app/listings/western-australia-state/western-australia-wheat-belt-region/under-3000-kg-atm/
979	https://campervans.vercel.app/listings/northern-territory-state/darwin-region/under-3000-kg-atm/
980	https://campervans.vercel.app/listings/off-road-category/under-3500-kg-atm/
981	https://campervans.vercel.app/listings/hybrid-category/under-3500-kg-atm/
982	https://campervans.vercel.app/listings/pop-top-category/under-3500-kg-atm/
983	https://campervans.vercel.app/listings/luxury-category/under-3500-kg-atm/
984	https://campervans.vercel.app/listings/family-category/under-3500-kg-atm/
985	https://campervans.vercel.app/listings/touring-category/under-3500-kg-atm/
986	https://campervans.vercel.app/listings/australian-capital-territory-state/under-3500-kg-atm/
987	https://campervans.vercel.app/listings/new-south-wales-state/under-3500-kg-atm/
988	https://campervans.vercel.app/listings/northern-territory-state/under-3500-kg-atm/
989	https://campervans.vercel.app/listings/queensland-state/under-3500-kg-atm/
990	https://campervans.vercel.app/listings/south-australia-state/under-3500-kg-atm/
991	https://campervans.vercel.app/listings/tasmania-state/under-3500-kg-atm/
992	https://campervans.vercel.app/listings/victoria-state/under-3500-kg-atm/
993	https://campervans.vercel.app/listings/western-australia-state/under-3500-kg-atm/
994	https://campervans.vercel.app/listings/australian-capital-territory-state/australian-capital-territory-region/under-3500-kg-atm/
995	https://campervans.vercel.app/listings/new-south-wales-state/sydney-region/under-3500-kg-atm/
996	https://campervans.vercel.app/listings/new-south-wales-state/newcastle-region/under-3500-kg-atm/
997	https://campervans.vercel.app/listings/new-south-wales-state/central-coast-region/under-3500-kg-atm/
998	https://campervans.vercel.app/listings/new-south-wales-state/hunter-region/under-3500-kg-atm/
999	https://campervans.vercel.app/listings/new-south-wales-state/illawarra-region/under-3500-kg-atm/
1000	https://campervans.vercel.app/listings/new-south-wales-state/mid-north-coast-region/under-3500-kg-atm/
1001	https://campervans.vercel.app/listings/new-south-wales-state/coffs-harbour-region/under-3500-kg-atm/
1002	https://campervans.vercel.app/listings/new-south-wales-state/richmond-tweed-region/under-3500-kg-atm/
1003	https://campervans.vercel.app/listings/new-south-wales-state/central-west-region/under-3500-kg-atm/
1004	https://campervans.vercel.app/listings/new-south-wales-state/riverina-region/under-3500-kg-atm/
1005	https://campervans.vercel.app/listings/queensland-state/brisbane-region/under-3500-kg-atm/
1006	https://campervans.vercel.app/listings/queensland-state/gold-coast-region/under-3500-kg-atm/
1007	https://campervans.vercel.app/listings/queensland-state/sunshine-coast-region/under-3500-kg-atm/
1008	https://campervans.vercel.app/listings/queensland-state/cairns-region/under-3500-kg-atm/
1009	https://campervans.vercel.app/listings/queensland-state/townsville-region/under-3500-kg-atm/
1010	https://campervans.vercel.app/listings/queensland-state/toowoomba-region/under-3500-kg-atm/
1011	https://campervans.vercel.app/listings/queensland-state/wide-bay-region/under-3500-kg-atm/
1012	https://campervans.vercel.app/listings/queensland-state/mackay-isaac-whitsunday-region/under-3500-kg-atm/
1013	https://campervans.vercel.app/listings/queensland-state/central-queensland-region/under-3500-kg-atm/
1014	https://campervans.vercel.app/listings/victoria-state/melbourne-region/under-3500-kg-atm/
1015	https://campervans.vercel.app/listings/victoria-state/geelong-region/under-3500-kg-atm/
1016	https://campervans.vercel.app/listings/victoria-state/ballarat-region/under-3500-kg-atm/
1017	https://campervans.vercel.app/listings/victoria-state/bendigo-region/under-3500-kg-atm/
1018	https://campervans.vercel.app/listings/victoria-state/mornington-peninsula-region/under-3500-kg-atm/
1019	https://campervans.vercel.app/listings/victoria-state/latrobe-gippsland-region/under-3500-kg-atm/
1020	https://campervans.vercel.app/listings/victoria-state/hume-region/under-3500-kg-atm/
1021	https://campervans.vercel.app/listings/victoria-state/shepparton-region/under-3500-kg-atm/
1022	https://campervans.vercel.app/listings/victoria-state/warrnambool-and-south-west-region/under-3500-kg-atm/
1023	https://campervans.vercel.app/listings/south-australia-state/adelaide-region/under-3500-kg-atm/
1024	https://campervans.vercel.app/listings/south-australia-state/barossa-yorke-mid-north-region/under-3500-kg-atm/
1025	https://campervans.vercel.app/listings/south-australia-state/south-australia-south-east-region/under-3500-kg-atm/
1026	https://campervans.vercel.app/listings/tasmania-state/hobart-region/under-3500-kg-atm/
1027	https://campervans.vercel.app/listings/tasmania-state/launceston-region/under-3500-kg-atm/
1028	https://campervans.vercel.app/listings/tasmania-state/north-west-region/under-3500-kg-atm/
1029	https://campervans.vercel.app/listings/western-australia-state/perth-region/under-3500-kg-atm/
1030	https://campervans.vercel.app/listings/western-australia-state/bunbury-region/under-3500-kg-atm/
1031	https://campervans.vercel.app/listings/western-australia-state/mandurah-region/under-3500-kg-atm/
1032	https://campervans.vercel.app/listings/western-australia-state/western-australia-wheat-belt-region/under-3500-kg-atm/
1033	https://campervans.vercel.app/listings/northern-territory-state/darwin-region/under-3500-kg-atm/
1034	https://campervans.vercel.app/listings/off-road-category/between-1500-kg-2000-kg-atm/
1035	https://campervans.vercel.app/listings/hybrid-category/between-1500-kg-2000-kg-atm/
1036	https://campervans.vercel.app/listings/pop-top-category/between-1500-kg-2000-kg-atm/
1037	https://campervans.vercel.app/listings/luxury-category/between-1500-kg-2000-kg-atm/
1038	https://campervans.vercel.app/listings/family-category/between-1500-kg-2000-kg-atm/
1039	https://campervans.vercel.app/listings/touring-category/between-1500-kg-2000-kg-atm/
1040	https://campervans.vercel.app/listings/australian-capital-territory-state/between-1500-kg-2000-kg-atm/
1041	https://campervans.vercel.app/listings/new-south-wales-state/between-1500-kg-2000-kg-atm/
1042	https://campervans.vercel.app/listings/northern-territory-state/between-1500-kg-2000-kg-atm/
1043	https://campervans.vercel.app/listings/queensland-state/between-1500-kg-2000-kg-atm/
1044	https://campervans.vercel.app/listings/south-australia-state/between-1500-kg-2000-kg-atm/
1045	https://campervans.vercel.app/listings/tasmania-state/between-1500-kg-2000-kg-atm/
1046	https://campervans.vercel.app/listings/victoria-state/between-1500-kg-2000-kg-atm/
1047	https://campervans.vercel.app/listings/western-australia-state/between-1500-kg-2000-kg-atm/
1048	https://campervans.vercel.app/listings/australian-capital-territory-state/australian-capital-territory-region/between-1500-kg-2000-kg-atm/
1049	https://campervans.vercel.app/listings/new-south-wales-state/sydney-region/between-1500-kg-2000-kg-atm/
1050	https://campervans.vercel.app/listings/new-south-wales-state/newcastle-region/between-1500-kg-2000-kg-atm/
1051	https://campervans.vercel.app/listings/new-south-wales-state/central-coast-region/between-1500-kg-2000-kg-atm/
1052	https://campervans.vercel.app/listings/new-south-wales-state/hunter-region/between-1500-kg-2000-kg-atm/
1053	https://campervans.vercel.app/listings/new-south-wales-state/illawarra-region/between-1500-kg-2000-kg-atm/
1054	https://campervans.vercel.app/listings/new-south-wales-state/mid-north-coast-region/between-1500-kg-2000-kg-atm/
1055	https://campervans.vercel.app/listings/new-south-wales-state/coffs-harbour-region/between-1500-kg-2000-kg-atm/
1056	https://campervans.vercel.app/listings/new-south-wales-state/richmond-tweed-region/between-1500-kg-2000-kg-atm/
1057	https://campervans.vercel.app/listings/new-south-wales-state/central-west-region/between-1500-kg-2000-kg-atm/
1058	https://campervans.vercel.app/listings/new-south-wales-state/riverina-region/between-1500-kg-2000-kg-atm/
1059	https://campervans.vercel.app/listings/queensland-state/brisbane-region/between-1500-kg-2000-kg-atm/
1060	https://campervans.vercel.app/listings/queensland-state/gold-coast-region/between-1500-kg-2000-kg-atm/
1061	https://campervans.vercel.app/listings/queensland-state/sunshine-coast-region/between-1500-kg-2000-kg-atm/
1062	https://campervans.vercel.app/listings/queensland-state/cairns-region/between-1500-kg-2000-kg-atm/
1063	https://campervans.vercel.app/listings/queensland-state/townsville-region/between-1500-kg-2000-kg-atm/
1064	https://campervans.vercel.app/listings/queensland-state/toowoomba-region/between-1500-kg-2000-kg-atm/
1065	https://campervans.vercel.app/listings/queensland-state/wide-bay-region/between-1500-kg-2000-kg-atm/
1066	https://campervans.vercel.app/listings/queensland-state/mackay-isaac-whitsunday-region/between-1500-kg-2000-kg-atm/
1067	https://campervans.vercel.app/listings/queensland-state/central-queensland-region/between-1500-kg-2000-kg-atm/
1068	https://campervans.vercel.app/listings/victoria-state/melbourne-region/between-1500-kg-2000-kg-atm/
1069	https://campervans.vercel.app/listings/victoria-state/geelong-region/between-1500-kg-2000-kg-atm/
1070	https://campervans.vercel.app/listings/victoria-state/ballarat-region/between-1500-kg-2000-kg-atm/
1071	https://campervans.vercel.app/listings/victoria-state/bendigo-region/between-1500-kg-2000-kg-atm/
1072	https://campervans.vercel.app/listings/victoria-state/mornington-peninsula-region/between-1500-kg-2000-kg-atm/
1073	https://campervans.vercel.app/listings/victoria-state/latrobe-gippsland-region/between-1500-kg-2000-kg-atm/
1074	https://campervans.vercel.app/listings/victoria-state/hume-region/between-1500-kg-2000-kg-atm/
1075	https://campervans.vercel.app/listings/victoria-state/shepparton-region/between-1500-kg-2000-kg-atm/
1076	https://campervans.vercel.app/listings/victoria-state/warrnambool-and-south-west-region/between-1500-kg-2000-kg-atm/
1077	https://campervans.vercel.app/listings/south-australia-state/adelaide-region/between-1500-kg-2000-kg-atm/
1078	https://campervans.vercel.app/listings/south-australia-state/barossa-yorke-mid-north-region/between-1500-kg-2000-kg-atm/
1079	https://campervans.vercel.app/listings/south-australia-state/south-australia-south-east-region/between-1500-kg-2000-kg-atm/
1080	https://campervans.vercel.app/listings/tasmania-state/hobart-region/between-1500-kg-2000-kg-atm/
1081	https://campervans.vercel.app/listings/tasmania-state/launceston-region/between-1500-kg-2000-kg-atm/
1082	https://campervans.vercel.app/listings/tasmania-state/north-west-region/between-1500-kg-2000-kg-atm/
1083	https://campervans.vercel.app/listings/western-australia-state/perth-region/between-1500-kg-2000-kg-atm/
1084	https://campervans.vercel.app/listings/western-australia-state/bunbury-region/between-1500-kg-2000-kg-atm/
1085	https://campervans.vercel.app/listings/western-australia-state/mandurah-region/between-1500-kg-2000-kg-atm/
1086	https://campervans.vercel.app/listings/western-australia-state/western-australia-wheat-belt-region/between-1500-kg-2000-kg-atm/
1087	https://campervans.vercel.app/listings/northern-territory-state/darwin-region/between-1500-kg-2000-kg-atm/
1088	https://campervans.vercel.app/listings/off-road-category/between-2000-kg-2500-kg-atm/
1089	https://campervans.vercel.app/listings/hybrid-category/between-2000-kg-2500-kg-atm/
1090	https://campervans.vercel.app/listings/pop-top-category/between-2000-kg-2500-kg-atm/
1091	https://campervans.vercel.app/listings/luxury-category/between-2000-kg-2500-kg-atm/
1092	https://campervans.vercel.app/listings/family-category/between-2000-kg-2500-kg-atm/
1093	https://campervans.vercel.app/listings/touring-category/between-2000-kg-2500-kg-atm/
1094	https://campervans.vercel.app/listings/australian-capital-territory-state/between-2000-kg-2500-kg-atm/
1095	https://campervans.vercel.app/listings/new-south-wales-state/between-2000-kg-2500-kg-atm/
1096	https://campervans.vercel.app/listings/northern-territory-state/between-2000-kg-2500-kg-atm/
1097	https://campervans.vercel.app/listings/queensland-state/between-2000-kg-2500-kg-atm/
1098	https://campervans.vercel.app/listings/south-australia-state/between-2000-kg-2500-kg-atm/
1099	https://campervans.vercel.app/listings/tasmania-state/between-2000-kg-2500-kg-atm/
1100	https://campervans.vercel.app/listings/victoria-state/between-2000-kg-2500-kg-atm/
1101	https://campervans.vercel.app/listings/western-australia-state/between-2000-kg-2500-kg-atm/
1102	https://campervans.vercel.app/listings/australian-capital-territory-state/australian-capital-territory-region/between-2000-kg-2500-kg-atm/
1103	https://campervans.vercel.app/listings/new-south-wales-state/sydney-region/between-2000-kg-2500-kg-atm/
1104	https://campervans.vercel.app/listings/new-south-wales-state/newcastle-region/between-2000-kg-2500-kg-atm/
1105	https://campervans.vercel.app/listings/new-south-wales-state/central-coast-region/between-2000-kg-2500-kg-atm/
1106	https://campervans.vercel.app/listings/new-south-wales-state/hunter-region/between-2000-kg-2500-kg-atm/
1107	https://campervans.vercel.app/listings/new-south-wales-state/illawarra-region/between-2000-kg-2500-kg-atm/
1108	https://campervans.vercel.app/listings/new-south-wales-state/mid-north-coast-region/between-2000-kg-2500-kg-atm/
1109	https://campervans.vercel.app/listings/new-south-wales-state/coffs-harbour-region/between-2000-kg-2500-kg-atm/
1110	https://campervans.vercel.app/listings/new-south-wales-state/richmond-tweed-region/between-2000-kg-2500-kg-atm/
1111	https://campervans.vercel.app/listings/new-south-wales-state/central-west-region/between-2000-kg-2500-kg-atm/
1112	https://campervans.vercel.app/listings/new-south-wales-state/riverina-region/between-2000-kg-2500-kg-atm/
1113	https://campervans.vercel.app/listings/queensland-state/brisbane-region/between-2000-kg-2500-kg-atm/
1114	https://campervans.vercel.app/listings/queensland-state/gold-coast-region/between-2000-kg-2500-kg-atm/
1115	https://campervans.vercel.app/listings/queensland-state/sunshine-coast-region/between-2000-kg-2500-kg-atm/
1116	https://campervans.vercel.app/listings/queensland-state/cairns-region/between-2000-kg-2500-kg-atm/
1117	https://campervans.vercel.app/listings/queensland-state/townsville-region/between-2000-kg-2500-kg-atm/
1118	https://campervans.vercel.app/listings/queensland-state/toowoomba-region/between-2000-kg-2500-kg-atm/
1119	https://campervans.vercel.app/listings/queensland-state/wide-bay-region/between-2000-kg-2500-kg-atm/
1120	https://campervans.vercel.app/listings/queensland-state/mackay-isaac-whitsunday-region/between-2000-kg-2500-kg-atm/
1121	https://campervans.vercel.app/listings/queensland-state/central-queensland-region/between-2000-kg-2500-kg-atm/
1122	https://campervans.vercel.app/listings/victoria-state/melbourne-region/between-2000-kg-2500-kg-atm/
1123	https://campervans.vercel.app/listings/victoria-state/geelong-region/between-2000-kg-2500-kg-atm/
1124	https://campervans.vercel.app/listings/victoria-state/ballarat-region/between-2000-kg-2500-kg-atm/
1125	https://campervans.vercel.app/listings/victoria-state/bendigo-region/between-2000-kg-2500-kg-atm/
1126	https://campervans.vercel.app/listings/victoria-state/mornington-peninsula-region/between-2000-kg-2500-kg-atm/
1127	https://campervans.vercel.app/listings/victoria-state/latrobe-gippsland-region/between-2000-kg-2500-kg-atm/
1128	https://campervans.vercel.app/listings/victoria-state/hume-region/between-2000-kg-2500-kg-atm/
1129	https://campervans.vercel.app/listings/victoria-state/shepparton-region/between-2000-kg-2500-kg-atm/
1130	https://campervans.vercel.app/listings/victoria-state/warrnambool-and-south-west-region/between-2000-kg-2500-kg-atm/
1131	https://campervans.vercel.app/listings/south-australia-state/adelaide-region/between-2000-kg-2500-kg-atm/
1132	https://campervans.vercel.app/listings/south-australia-state/barossa-yorke-mid-north-region/between-2000-kg-2500-kg-atm/
1133	https://campervans.vercel.app/listings/south-australia-state/south-australia-south-east-region/between-2000-kg-2500-kg-atm/
1134	https://campervans.vercel.app/listings/tasmania-state/hobart-region/between-2000-kg-2500-kg-atm/
1135	https://campervans.vercel.app/listings/tasmania-state/launceston-region/between-2000-kg-2500-kg-atm/
1136	https://campervans.vercel.app/listings/tasmania-state/north-west-region/between-2000-kg-2500-kg-atm/
1137	https://campervans.vercel.app/listings/western-australia-state/perth-region/between-2000-kg-2500-kg-atm/
1138	https://campervans.vercel.app/listings/western-australia-state/bunbury-region/between-2000-kg-2500-kg-atm/
1139	https://campervans.vercel.app/listings/western-australia-state/mandurah-region/between-2000-kg-2500-kg-atm/
1140	https://campervans.vercel.app/listings/western-australia-state/western-australia-wheat-belt-region/between-2000-kg-2500-kg-atm/
1141	https://campervans.vercel.app/listings/northern-territory-state/darwin-region/between-2000-kg-2500-kg-atm/
1142	https://campervans.vercel.app/listings/off-road-category/between-2500-kg-3000-kg-atm/
1143	https://campervans.vercel.app/listings/hybrid-category/between-2500-kg-3000-kg-atm/
1144	https://campervans.vercel.app/listings/pop-top-category/between-2500-kg-3000-kg-atm/
1145	https://campervans.vercel.app/listings/luxury-category/between-2500-kg-3000-kg-atm/
1146	https://campervans.vercel.app/listings/family-category/between-2500-kg-3000-kg-atm/
1147	https://campervans.vercel.app/listings/touring-category/between-2500-kg-3000-kg-atm/
1148	https://campervans.vercel.app/listings/australian-capital-territory-state/between-2500-kg-3000-kg-atm/
1149	https://campervans.vercel.app/listings/new-south-wales-state/between-2500-kg-3000-kg-atm/
1150	https://campervans.vercel.app/listings/northern-territory-state/between-2500-kg-3000-kg-atm/
1151	https://campervans.vercel.app/listings/queensland-state/between-2500-kg-3000-kg-atm/
1152	https://campervans.vercel.app/listings/south-australia-state/between-2500-kg-3000-kg-atm/
1153	https://campervans.vercel.app/listings/tasmania-state/between-2500-kg-3000-kg-atm/
1154	https://campervans.vercel.app/listings/victoria-state/between-2500-kg-3000-kg-atm/
1155	https://campervans.vercel.app/listings/western-australia-state/between-2500-kg-3000-kg-atm/
1156	https://campervans.vercel.app/listings/australian-capital-territory-state/australian-capital-territory-region/between-2500-kg-3000-kg-atm/
1157	https://campervans.vercel.app/listings/new-south-wales-state/sydney-region/between-2500-kg-3000-kg-atm/
1158	https://campervans.vercel.app/listings/new-south-wales-state/newcastle-region/between-2500-kg-3000-kg-atm/
1159	https://campervans.vercel.app/listings/new-south-wales-state/central-coast-region/between-2500-kg-3000-kg-atm/
1160	https://campervans.vercel.app/listings/new-south-wales-state/hunter-region/between-2500-kg-3000-kg-atm/
1161	https://campervans.vercel.app/listings/new-south-wales-state/illawarra-region/between-2500-kg-3000-kg-atm/
1162	https://campervans.vercel.app/listings/new-south-wales-state/mid-north-coast-region/between-2500-kg-3000-kg-atm/
1163	https://campervans.vercel.app/listings/new-south-wales-state/coffs-harbour-region/between-2500-kg-3000-kg-atm/
1164	https://campervans.vercel.app/listings/new-south-wales-state/richmond-tweed-region/between-2500-kg-3000-kg-atm/
1165	https://campervans.vercel.app/listings/new-south-wales-state/central-west-region/between-2500-kg-3000-kg-atm/
1166	https://campervans.vercel.app/listings/new-south-wales-state/riverina-region/between-2500-kg-3000-kg-atm/
1167	https://campervans.vercel.app/listings/queensland-state/brisbane-region/between-2500-kg-3000-kg-atm/
1168	https://campervans.vercel.app/listings/queensland-state/gold-coast-region/between-2500-kg-3000-kg-atm/
1169	https://campervans.vercel.app/listings/queensland-state/sunshine-coast-region/between-2500-kg-3000-kg-atm/
1170	https://campervans.vercel.app/listings/queensland-state/cairns-region/between-2500-kg-3000-kg-atm/
1171	https://campervans.vercel.app/listings/queensland-state/townsville-region/between-2500-kg-3000-kg-atm/
1172	https://campervans.vercel.app/listings/queensland-state/toowoomba-region/between-2500-kg-3000-kg-atm/
1173	https://campervans.vercel.app/listings/queensland-state/wide-bay-region/between-2500-kg-3000-kg-atm/
1174	https://campervans.vercel.app/listings/queensland-state/mackay-isaac-whitsunday-region/between-2500-kg-3000-kg-atm/
1175	https://campervans.vercel.app/listings/queensland-state/central-queensland-region/between-2500-kg-3000-kg-atm/
1176	https://campervans.vercel.app/listings/victoria-state/melbourne-region/between-2500-kg-3000-kg-atm/
1177	https://campervans.vercel.app/listings/victoria-state/geelong-region/between-2500-kg-3000-kg-atm/
1178	https://campervans.vercel.app/listings/victoria-state/ballarat-region/between-2500-kg-3000-kg-atm/
1179	https://campervans.vercel.app/listings/victoria-state/bendigo-region/between-2500-kg-3000-kg-atm/
1180	https://campervans.vercel.app/listings/victoria-state/mornington-peninsula-region/between-2500-kg-3000-kg-atm/
1181	https://campervans.vercel.app/listings/victoria-state/latrobe-gippsland-region/between-2500-kg-3000-kg-atm/
1182	https://campervans.vercel.app/listings/victoria-state/hume-region/between-2500-kg-3000-kg-atm/
1183	https://campervans.vercel.app/listings/victoria-state/shepparton-region/between-2500-kg-3000-kg-atm/
1184	https://campervans.vercel.app/listings/victoria-state/warrnambool-and-south-west-region/between-2500-kg-3000-kg-atm/
1185	https://campervans.vercel.app/listings/south-australia-state/adelaide-region/between-2500-kg-3000-kg-atm/
1186	https://campervans.vercel.app/listings/south-australia-state/barossa-yorke-mid-north-region/between-2500-kg-3000-kg-atm/
1187	https://campervans.vercel.app/listings/south-australia-state/south-australia-south-east-region/between-2500-kg-3000-kg-atm/
1188	https://campervans.vercel.app/listings/tasmania-state/hobart-region/between-2500-kg-3000-kg-atm/
1189	https://campervans.vercel.app/listings/tasmania-state/launceston-region/between-2500-kg-3000-kg-atm/
1190	https://campervans.vercel.app/listings/tasmania-state/north-west-region/between-2500-kg-3000-kg-atm/
1191	https://campervans.vercel.app/listings/western-australia-state/perth-region/between-2500-kg-3000-kg-atm/
1192	https://campervans.vercel.app/listings/western-australia-state/bunbury-region/between-2500-kg-3000-kg-atm/
1193	https://campervans.vercel.app/listings/western-australia-state/mandurah-region/between-2500-kg-3000-kg-atm/
1194	https://campervans.vercel.app/listings/western-australia-state/western-australia-wheat-belt-region/between-2500-kg-3000-kg-atm/
1195	https://campervans.vercel.app/listings/northern-territory-state/darwin-region/between-2500-kg-3000-kg-atm/
1196	https://campervans.vercel.app/listings/off-road-category/between-3000-kg-3500-kg-atm/
1197	https://campervans.vercel.app/listings/hybrid-category/between-3000-kg-3500-kg-atm/
1198	https://campervans.vercel.app/listings/pop-top-category/between-3000-kg-3500-kg-atm/
1199	https://campervans.vercel.app/listings/luxury-category/between-3000-kg-3500-kg-atm/
1200	https://campervans.vercel.app/listings/family-category/between-3000-kg-3500-kg-atm/
1201	https://campervans.vercel.app/listings/touring-category/between-3000-kg-3500-kg-atm/
1202	https://campervans.vercel.app/listings/australian-capital-territory-state/between-3000-kg-3500-kg-atm/
1203	https://campervans.vercel.app/listings/new-south-wales-state/between-3000-kg-3500-kg-atm/
1204	https://campervans.vercel.app/listings/northern-territory-state/between-3000-kg-3500-kg-atm/
1205	https://campervans.vercel.app/listings/queensland-state/between-3000-kg-3500-kg-atm/
1206	https://campervans.vercel.app/listings/south-australia-state/between-3000-kg-3500-kg-atm/
1207	https://campervans.vercel.app/listings/tasmania-state/between-3000-kg-3500-kg-atm/
1208	https://campervans.vercel.app/listings/victoria-state/between-3000-kg-3500-kg-atm/
1209	https://campervans.vercel.app/listings/western-australia-state/between-3000-kg-3500-kg-atm/
1210	https://campervans.vercel.app/listings/australian-capital-territory-state/australian-capital-territory-region/between-3000-kg-3500-kg-atm/
1211	https://campervans.vercel.app/listings/new-south-wales-state/sydney-region/between-3000-kg-3500-kg-atm/
1212	https://campervans.vercel.app/listings/new-south-wales-state/newcastle-region/between-3000-kg-3500-kg-atm/
1213	https://campervans.vercel.app/listings/new-south-wales-state/central-coast-region/between-3000-kg-3500-kg-atm/
1214	https://campervans.vercel.app/listings/new-south-wales-state/hunter-region/between-3000-kg-3500-kg-atm/
1215	https://campervans.vercel.app/listings/new-south-wales-state/illawarra-region/between-3000-kg-3500-kg-atm/
1216	https://campervans.vercel.app/listings/new-south-wales-state/mid-north-coast-region/between-3000-kg-3500-kg-atm/
1217	https://campervans.vercel.app/listings/new-south-wales-state/coffs-harbour-region/between-3000-kg-3500-kg-atm/
1218	https://campervans.vercel.app/listings/new-south-wales-state/richmond-tweed-region/between-3000-kg-3500-kg-atm/
1219	https://campervans.vercel.app/listings/new-south-wales-state/central-west-region/between-3000-kg-3500-kg-atm/
1220	https://campervans.vercel.app/listings/new-south-wales-state/riverina-region/between-3000-kg-3500-kg-atm/
1221	https://campervans.vercel.app/listings/queensland-state/brisbane-region/between-3000-kg-3500-kg-atm/
1222	https://campervans.vercel.app/listings/queensland-state/gold-coast-region/between-3000-kg-3500-kg-atm/
1223	https://campervans.vercel.app/listings/queensland-state/sunshine-coast-region/between-3000-kg-3500-kg-atm/
1224	https://campervans.vercel.app/listings/queensland-state/cairns-region/between-3000-kg-3500-kg-atm/
1225	https://campervans.vercel.app/listings/queensland-state/townsville-region/between-3000-kg-3500-kg-atm/
1226	https://campervans.vercel.app/listings/queensland-state/toowoomba-region/between-3000-kg-3500-kg-atm/
1227	https://campervans.vercel.app/listings/queensland-state/wide-bay-region/between-3000-kg-3500-kg-atm/
1228	https://campervans.vercel.app/listings/queensland-state/mackay-isaac-whitsunday-region/between-3000-kg-3500-kg-atm/
1229	https://campervans.vercel.app/listings/queensland-state/central-queensland-region/between-3000-kg-3500-kg-atm/
1230	https://campervans.vercel.app/listings/victoria-state/melbourne-region/between-3000-kg-3500-kg-atm/
1231	https://campervans.vercel.app/listings/victoria-state/geelong-region/between-3000-kg-3500-kg-atm/
1232	https://campervans.vercel.app/listings/victoria-state/ballarat-region/between-3000-kg-3500-kg-atm/
1233	https://campervans.vercel.app/listings/victoria-state/bendigo-region/between-3000-kg-3500-kg-atm/
1234	https://campervans.vercel.app/listings/victoria-state/mornington-peninsula-region/between-3000-kg-3500-kg-atm/
1235	https://campervans.vercel.app/listings/victoria-state/latrobe-gippsland-region/between-3000-kg-3500-kg-atm/
1236	https://campervans.vercel.app/listings/victoria-state/hume-region/between-3000-kg-3500-kg-atm/
1237	https://campervans.vercel.app/listings/victoria-state/shepparton-region/between-3000-kg-3500-kg-atm/
1238	https://campervans.vercel.app/listings/victoria-state/warrnambool-and-south-west-region/between-3000-kg-3500-kg-atm/
1239	https://campervans.vercel.app/listings/south-australia-state/adelaide-region/between-3000-kg-3500-kg-atm/
1240	https://campervans.vercel.app/listings/south-australia-state/barossa-yorke-mid-north-region/between-3000-kg-3500-kg-atm/
1241	https://campervans.vercel.app/listings/south-australia-state/south-australia-south-east-region/between-3000-kg-3500-kg-atm/
1242	https://campervans.vercel.app/listings/tasmania-state/hobart-region/between-3000-kg-3500-kg-atm/
1243	https://campervans.vercel.app/listings/tasmania-state/launceston-region/between-3000-kg-3500-kg-atm/
1244	https://campervans.vercel.app/listings/tasmania-state/north-west-region/between-3000-kg-3500-kg-atm/
1245	https://campervans.vercel.app/listings/western-australia-state/perth-region/between-3000-kg-3500-kg-atm/
1246	https://campervans.vercel.app/listings/western-australia-state/bunbury-region/between-3000-kg-3500-kg-atm/
1247	https://campervans.vercel.app/listings/western-australia-state/mandurah-region/between-3000-kg-3500-kg-atm/
1248	https://campervans.vercel.app/listings/western-australia-state/western-australia-wheat-belt-region/between-3000-kg-3500-kg-atm/
1249	https://campervans.vercel.app/listings/northern-territory-state/darwin-region/between-3000-kg-3500-kg-atm/
1250	https://campervans.vercel.app/listings/off-road-category/between-12-14-length-in-feet/
1251	https://campervans.vercel.app/listings/hybrid-category/between-12-14-length-in-feet/
1252	https://campervans.vercel.app/listings/pop-top-category/between-12-14-length-in-feet/
1253	https://campervans.vercel.app/listings/luxury-category/between-12-14-length-in-feet/
1254	https://campervans.vercel.app/listings/family-category/between-12-14-length-in-feet/
1255	https://campervans.vercel.app/listings/touring-category/between-12-14-length-in-feet/
1256	https://campervans.vercel.app/listings/australian-capital-territory-state/between-12-14-length-in-feet/
1257	https://campervans.vercel.app/listings/new-south-wales-state/between-12-14-length-in-feet/
1258	https://campervans.vercel.app/listings/northern-territory-state/between-12-14-length-in-feet/
1259	https://campervans.vercel.app/listings/queensland-state/between-12-14-length-in-feet/
1260	https://campervans.vercel.app/listings/south-australia-state/between-12-14-length-in-feet/
1261	https://campervans.vercel.app/listings/tasmania-state/between-12-14-length-in-feet/
1262	https://campervans.vercel.app/listings/victoria-state/between-12-14-length-in-feet/
1263	https://campervans.vercel.app/listings/western-australia-state/between-12-14-length-in-feet/
1264	https://campervans.vercel.app/listings/australian-capital-territory-state/australian-capital-territory-region/between-12-14-length-in-feet/
1265	https://campervans.vercel.app/listings/new-south-wales-state/sydney-region/between-12-14-length-in-feet/
1266	https://campervans.vercel.app/listings/new-south-wales-state/newcastle-region/between-12-14-length-in-feet/
1267	https://campervans.vercel.app/listings/new-south-wales-state/central-coast-region/between-12-14-length-in-feet/
1268	https://campervans.vercel.app/listings/new-south-wales-state/hunter-region/between-12-14-length-in-feet/
1269	https://campervans.vercel.app/listings/new-south-wales-state/illawarra-region/between-12-14-length-in-feet/
1270	https://campervans.vercel.app/listings/new-south-wales-state/mid-north-coast-region/between-12-14-length-in-feet/
1271	https://campervans.vercel.app/listings/new-south-wales-state/coffs-harbour-region/between-12-14-length-in-feet/
1272	https://campervans.vercel.app/listings/new-south-wales-state/richmond-tweed-region/between-12-14-length-in-feet/
1273	https://campervans.vercel.app/listings/new-south-wales-state/central-west-region/between-12-14-length-in-feet/
1274	https://campervans.vercel.app/listings/new-south-wales-state/riverina-region/between-12-14-length-in-feet/
1275	https://campervans.vercel.app/listings/queensland-state/brisbane-region/between-12-14-length-in-feet/
1276	https://campervans.vercel.app/listings/queensland-state/gold-coast-region/between-12-14-length-in-feet/
1277	https://campervans.vercel.app/listings/queensland-state/sunshine-coast-region/between-12-14-length-in-feet/
1278	https://campervans.vercel.app/listings/queensland-state/cairns-region/between-12-14-length-in-feet/
1279	https://campervans.vercel.app/listings/queensland-state/townsville-region/between-12-14-length-in-feet/
1280	https://campervans.vercel.app/listings/queensland-state/toowoomba-region/between-12-14-length-in-feet/
1281	https://campervans.vercel.app/listings/queensland-state/wide-bay-region/between-12-14-length-in-feet/
1282	https://campervans.vercel.app/listings/queensland-state/mackay-isaac-whitsunday-region/between-12-14-length-in-feet/
1283	https://campervans.vercel.app/listings/queensland-state/central-queensland-region/between-12-14-length-in-feet/
1284	https://campervans.vercel.app/listings/victoria-state/melbourne-region/between-12-14-length-in-feet/
1285	https://campervans.vercel.app/listings/victoria-state/geelong-region/between-12-14-length-in-feet/
1286	https://campervans.vercel.app/listings/victoria-state/ballarat-region/between-12-14-length-in-feet/
1287	https://campervans.vercel.app/listings/victoria-state/bendigo-region/between-12-14-length-in-feet/
1288	https://campervans.vercel.app/listings/victoria-state/mornington-peninsula-region/between-12-14-length-in-feet/
1289	https://campervans.vercel.app/listings/victoria-state/latrobe-gippsland-region/between-12-14-length-in-feet/
1290	https://campervans.vercel.app/listings/victoria-state/hume-region/between-12-14-length-in-feet/
1291	https://campervans.vercel.app/listings/victoria-state/shepparton-region/between-12-14-length-in-feet/
1292	https://campervans.vercel.app/listings/victoria-state/warrnambool-and-south-west-region/between-12-14-length-in-feet/
1293	https://campervans.vercel.app/listings/south-australia-state/adelaide-region/between-12-14-length-in-feet/
1294	https://campervans.vercel.app/listings/south-australia-state/barossa-yorke-mid-north-region/between-12-14-length-in-feet/
1295	https://campervans.vercel.app/listings/south-australia-state/south-australia-south-east-region/between-12-14-length-in-feet/
1296	https://campervans.vercel.app/listings/tasmania-state/hobart-region/between-12-14-length-in-feet/
1297	https://campervans.vercel.app/listings/tasmania-state/launceston-region/between-12-14-length-in-feet/
1298	https://campervans.vercel.app/listings/tasmania-state/north-west-region/between-12-14-length-in-feet/
1299	https://campervans.vercel.app/listings/western-australia-state/perth-region/between-12-14-length-in-feet/
1300	https://campervans.vercel.app/listings/western-australia-state/bunbury-region/between-12-14-length-in-feet/
1301	https://campervans.vercel.app/listings/western-australia-state/mandurah-region/between-12-14-length-in-feet/
1302	https://campervans.vercel.app/listings/western-australia-state/western-australia-wheat-belt-region/between-12-14-length-in-feet/
1303	https://campervans.vercel.app/listings/northern-territory-state/darwin-region/between-12-14-length-in-feet/
1304	https://campervans.vercel.app/listings/off-road-category/between-14-16-length-in-feet/
1305	https://campervans.vercel.app/listings/hybrid-category/between-14-16-length-in-feet/
1306	https://campervans.vercel.app/listings/pop-top-category/between-14-16-length-in-feet/
1307	https://campervans.vercel.app/listings/luxury-category/between-14-16-length-in-feet/
1308	https://campervans.vercel.app/listings/family-category/between-14-16-length-in-feet/
1309	https://campervans.vercel.app/listings/touring-category/between-14-16-length-in-feet/
1310	https://campervans.vercel.app/listings/australian-capital-territory-state/between-14-16-length-in-feet/
1311	https://campervans.vercel.app/listings/new-south-wales-state/between-14-16-length-in-feet/
1312	https://campervans.vercel.app/listings/northern-territory-state/between-14-16-length-in-feet/
1313	https://campervans.vercel.app/listings/queensland-state/between-14-16-length-in-feet/
1314	https://campervans.vercel.app/listings/south-australia-state/between-14-16-length-in-feet/
1315	https://campervans.vercel.app/listings/tasmania-state/between-14-16-length-in-feet/
1316	https://campervans.vercel.app/listings/victoria-state/between-14-16-length-in-feet/
1317	https://campervans.vercel.app/listings/western-australia-state/between-14-16-length-in-feet/
1318	https://campervans.vercel.app/listings/australian-capital-territory-state/australian-capital-territory-region/between-14-16-length-in-feet/
1319	https://campervans.vercel.app/listings/new-south-wales-state/sydney-region/between-14-16-length-in-feet/
1320	https://campervans.vercel.app/listings/new-south-wales-state/newcastle-region/between-14-16-length-in-feet/
1321	https://campervans.vercel.app/listings/new-south-wales-state/central-coast-region/between-14-16-length-in-feet/
1322	https://campervans.vercel.app/listings/new-south-wales-state/hunter-region/between-14-16-length-in-feet/
1323	https://campervans.vercel.app/listings/new-south-wales-state/illawarra-region/between-14-16-length-in-feet/
1324	https://campervans.vercel.app/listings/new-south-wales-state/mid-north-coast-region/between-14-16-length-in-feet/
1325	https://campervans.vercel.app/listings/new-south-wales-state/coffs-harbour-region/between-14-16-length-in-feet/
1326	https://campervans.vercel.app/listings/new-south-wales-state/richmond-tweed-region/between-14-16-length-in-feet/
1327	https://campervans.vercel.app/listings/new-south-wales-state/central-west-region/between-14-16-length-in-feet/
1328	https://campervans.vercel.app/listings/new-south-wales-state/riverina-region/between-14-16-length-in-feet/
1329	https://campervans.vercel.app/listings/queensland-state/brisbane-region/between-14-16-length-in-feet/
1330	https://campervans.vercel.app/listings/queensland-state/gold-coast-region/between-14-16-length-in-feet/
1331	https://campervans.vercel.app/listings/queensland-state/sunshine-coast-region/between-14-16-length-in-feet/
1332	https://campervans.vercel.app/listings/queensland-state/cairns-region/between-14-16-length-in-feet/
1333	https://campervans.vercel.app/listings/queensland-state/townsville-region/between-14-16-length-in-feet/
1334	https://campervans.vercel.app/listings/queensland-state/toowoomba-region/between-14-16-length-in-feet/
1335	https://campervans.vercel.app/listings/queensland-state/wide-bay-region/between-14-16-length-in-feet/
1336	https://campervans.vercel.app/listings/queensland-state/mackay-isaac-whitsunday-region/between-14-16-length-in-feet/
1337	https://campervans.vercel.app/listings/queensland-state/central-queensland-region/between-14-16-length-in-feet/
1338	https://campervans.vercel.app/listings/victoria-state/melbourne-region/between-14-16-length-in-feet/
1339	https://campervans.vercel.app/listings/victoria-state/geelong-region/between-14-16-length-in-feet/
1340	https://campervans.vercel.app/listings/victoria-state/ballarat-region/between-14-16-length-in-feet/
1341	https://campervans.vercel.app/listings/victoria-state/bendigo-region/between-14-16-length-in-feet/
1342	https://campervans.vercel.app/listings/victoria-state/mornington-peninsula-region/between-14-16-length-in-feet/
1343	https://campervans.vercel.app/listings/victoria-state/latrobe-gippsland-region/between-14-16-length-in-feet/
1344	https://campervans.vercel.app/listings/victoria-state/hume-region/between-14-16-length-in-feet/
1345	https://campervans.vercel.app/listings/victoria-state/shepparton-region/between-14-16-length-in-feet/
1346	https://campervans.vercel.app/listings/victoria-state/warrnambool-and-south-west-region/between-14-16-length-in-feet/
1347	https://campervans.vercel.app/listings/south-australia-state/adelaide-region/between-14-16-length-in-feet/
1348	https://campervans.vercel.app/listings/south-australia-state/barossa-yorke-mid-north-region/between-14-16-length-in-feet/
1349	https://campervans.vercel.app/listings/south-australia-state/south-australia-south-east-region/between-14-16-length-in-feet/
1350	https://campervans.vercel.app/listings/tasmania-state/hobart-region/between-14-16-length-in-feet/
1351	https://campervans.vercel.app/listings/tasmania-state/launceston-region/between-14-16-length-in-feet/
1352	https://campervans.vercel.app/listings/tasmania-state/north-west-region/between-14-16-length-in-feet/
1353	https://campervans.vercel.app/listings/western-australia-state/perth-region/between-14-16-length-in-feet/
1354	https://campervans.vercel.app/listings/western-australia-state/bunbury-region/between-14-16-length-in-feet/
1355	https://campervans.vercel.app/listings/western-australia-state/mandurah-region/between-14-16-length-in-feet/
1356	https://campervans.vercel.app/listings/western-australia-state/western-australia-wheat-belt-region/between-14-16-length-in-feet/
1357	https://campervans.vercel.app/listings/northern-territory-state/darwin-region/between-14-16-length-in-feet/
1358	https://campervans.vercel.app/listings/off-road-category/between-16-18-length-in-feet/
1359	https://campervans.vercel.app/listings/hybrid-category/between-16-18-length-in-feet/
1360	https://campervans.vercel.app/listings/pop-top-category/between-16-18-length-in-feet/
1361	https://campervans.vercel.app/listings/luxury-category/between-16-18-length-in-feet/
1362	https://campervans.vercel.app/listings/family-category/between-16-18-length-in-feet/
1363	https://campervans.vercel.app/listings/touring-category/between-16-18-length-in-feet/
1364	https://campervans.vercel.app/listings/australian-capital-territory-state/between-16-18-length-in-feet/
1365	https://campervans.vercel.app/listings/new-south-wales-state/between-16-18-length-in-feet/
1366	https://campervans.vercel.app/listings/northern-territory-state/between-16-18-length-in-feet/
1367	https://campervans.vercel.app/listings/queensland-state/between-16-18-length-in-feet/
1368	https://campervans.vercel.app/listings/south-australia-state/between-16-18-length-in-feet/
1369	https://campervans.vercel.app/listings/tasmania-state/between-16-18-length-in-feet/
1370	https://campervans.vercel.app/listings/victoria-state/between-16-18-length-in-feet/
1371	https://campervans.vercel.app/listings/western-australia-state/between-16-18-length-in-feet/
1372	https://campervans.vercel.app/listings/australian-capital-territory-state/australian-capital-territory-region/between-16-18-length-in-feet/
1373	https://campervans.vercel.app/listings/new-south-wales-state/sydney-region/between-16-18-length-in-feet/
1374	https://campervans.vercel.app/listings/new-south-wales-state/newcastle-region/between-16-18-length-in-feet/
1375	https://campervans.vercel.app/listings/new-south-wales-state/central-coast-region/between-16-18-length-in-feet/
1376	https://campervans.vercel.app/listings/new-south-wales-state/hunter-region/between-16-18-length-in-feet/
1377	https://campervans.vercel.app/listings/new-south-wales-state/illawarra-region/between-16-18-length-in-feet/
1378	https://campervans.vercel.app/listings/new-south-wales-state/mid-north-coast-region/between-16-18-length-in-feet/
1379	https://campervans.vercel.app/listings/new-south-wales-state/coffs-harbour-region/between-16-18-length-in-feet/
1380	https://campervans.vercel.app/listings/new-south-wales-state/richmond-tweed-region/between-16-18-length-in-feet/
1381	https://campervans.vercel.app/listings/new-south-wales-state/central-west-region/between-16-18-length-in-feet/
1382	https://campervans.vercel.app/listings/new-south-wales-state/riverina-region/between-16-18-length-in-feet/
1383	https://campervans.vercel.app/listings/queensland-state/brisbane-region/between-16-18-length-in-feet/
1384	https://campervans.vercel.app/listings/queensland-state/gold-coast-region/between-16-18-length-in-feet/
1385	https://campervans.vercel.app/listings/queensland-state/sunshine-coast-region/between-16-18-length-in-feet/
1386	https://campervans.vercel.app/listings/queensland-state/cairns-region/between-16-18-length-in-feet/
1387	https://campervans.vercel.app/listings/queensland-state/townsville-region/between-16-18-length-in-feet/
1388	https://campervans.vercel.app/listings/queensland-state/toowoomba-region/between-16-18-length-in-feet/
1389	https://campervans.vercel.app/listings/queensland-state/wide-bay-region/between-16-18-length-in-feet/
1390	https://campervans.vercel.app/listings/queensland-state/mackay-isaac-whitsunday-region/between-16-18-length-in-feet/
1391	https://campervans.vercel.app/listings/queensland-state/central-queensland-region/between-16-18-length-in-feet/
1392	https://campervans.vercel.app/listings/victoria-state/melbourne-region/between-16-18-length-in-feet/
1393	https://campervans.vercel.app/listings/victoria-state/geelong-region/between-16-18-length-in-feet/
1394	https://campervans.vercel.app/listings/victoria-state/ballarat-region/between-16-18-length-in-feet/
1395	https://campervans.vercel.app/listings/victoria-state/bendigo-region/between-16-18-length-in-feet/
1396	https://campervans.vercel.app/listings/victoria-state/mornington-peninsula-region/between-16-18-length-in-feet/
1397	https://campervans.vercel.app/listings/victoria-state/latrobe-gippsland-region/between-16-18-length-in-feet/
1398	https://campervans.vercel.app/listings/victoria-state/hume-region/between-16-18-length-in-feet/
1399	https://campervans.vercel.app/listings/victoria-state/shepparton-region/between-16-18-length-in-feet/
1400	https://campervans.vercel.app/listings/victoria-state/warrnambool-and-south-west-region/between-16-18-length-in-feet/
1401	https://campervans.vercel.app/listings/south-australia-state/adelaide-region/between-16-18-length-in-feet/
1402	https://campervans.vercel.app/listings/south-australia-state/barossa-yorke-mid-north-region/between-16-18-length-in-feet/
1403	https://campervans.vercel.app/listings/south-australia-state/south-australia-south-east-region/between-16-18-length-in-feet/
1404	https://campervans.vercel.app/listings/tasmania-state/hobart-region/between-16-18-length-in-feet/
1405	https://campervans.vercel.app/listings/tasmania-state/launceston-region/between-16-18-length-in-feet/
1406	https://campervans.vercel.app/listings/tasmania-state/north-west-region/between-16-18-length-in-feet/
1407	https://campervans.vercel.app/listings/western-australia-state/perth-region/between-16-18-length-in-feet/
1408	https://campervans.vercel.app/listings/western-australia-state/bunbury-region/between-16-18-length-in-feet/
1409	https://campervans.vercel.app/listings/western-australia-state/mandurah-region/between-16-18-length-in-feet/
1410	https://campervans.vercel.app/listings/western-australia-state/western-australia-wheat-belt-region/between-16-18-length-in-feet/
1411	https://campervans.vercel.app/listings/northern-territory-state/darwin-region/between-16-18-length-in-feet/
1412	https://campervans.vercel.app/listings/off-road-category/between-18-20-length-in-feet/
1413	https://campervans.vercel.app/listings/hybrid-category/between-18-20-length-in-feet/
1414	https://campervans.vercel.app/listings/pop-top-category/between-18-20-length-in-feet/
1415	https://campervans.vercel.app/listings/luxury-category/between-18-20-length-in-feet/
1416	https://campervans.vercel.app/listings/family-category/between-18-20-length-in-feet/
1417	https://campervans.vercel.app/listings/touring-category/between-18-20-length-in-feet/
1418	https://campervans.vercel.app/listings/australian-capital-territory-state/between-18-20-length-in-feet/
1419	https://campervans.vercel.app/listings/new-south-wales-state/between-18-20-length-in-feet/
1420	https://campervans.vercel.app/listings/northern-territory-state/between-18-20-length-in-feet/
1421	https://campervans.vercel.app/listings/queensland-state/between-18-20-length-in-feet/
1422	https://campervans.vercel.app/listings/south-australia-state/between-18-20-length-in-feet/
1423	https://campervans.vercel.app/listings/tasmania-state/between-18-20-length-in-feet/
1424	https://campervans.vercel.app/listings/victoria-state/between-18-20-length-in-feet/
1425	https://campervans.vercel.app/listings/western-australia-state/between-18-20-length-in-feet/
1426	https://campervans.vercel.app/listings/australian-capital-territory-state/australian-capital-territory-region/between-18-20-length-in-feet/
1427	https://campervans.vercel.app/listings/new-south-wales-state/sydney-region/between-18-20-length-in-feet/
1428	https://campervans.vercel.app/listings/new-south-wales-state/newcastle-region/between-18-20-length-in-feet/
1429	https://campervans.vercel.app/listings/new-south-wales-state/central-coast-region/between-18-20-length-in-feet/
1430	https://campervans.vercel.app/listings/new-south-wales-state/hunter-region/between-18-20-length-in-feet/
1431	https://campervans.vercel.app/listings/new-south-wales-state/illawarra-region/between-18-20-length-in-feet/
1432	https://campervans.vercel.app/listings/new-south-wales-state/mid-north-coast-region/between-18-20-length-in-feet/
1433	https://campervans.vercel.app/listings/new-south-wales-state/coffs-harbour-region/between-18-20-length-in-feet/
1434	https://campervans.vercel.app/listings/new-south-wales-state/richmond-tweed-region/between-18-20-length-in-feet/
1435	https://campervans.vercel.app/listings/new-south-wales-state/central-west-region/between-18-20-length-in-feet/
1436	https://campervans.vercel.app/listings/new-south-wales-state/riverina-region/between-18-20-length-in-feet/
1437	https://campervans.vercel.app/listings/queensland-state/brisbane-region/between-18-20-length-in-feet/
1438	https://campervans.vercel.app/listings/queensland-state/gold-coast-region/between-18-20-length-in-feet/
1439	https://campervans.vercel.app/listings/queensland-state/sunshine-coast-region/between-18-20-length-in-feet/
1440	https://campervans.vercel.app/listings/queensland-state/cairns-region/between-18-20-length-in-feet/
1441	https://campervans.vercel.app/listings/queensland-state/townsville-region/between-18-20-length-in-feet/
1442	https://campervans.vercel.app/listings/queensland-state/toowoomba-region/between-18-20-length-in-feet/
1443	https://campervans.vercel.app/listings/queensland-state/wide-bay-region/between-18-20-length-in-feet/
1444	https://campervans.vercel.app/listings/queensland-state/mackay-isaac-whitsunday-region/between-18-20-length-in-feet/
1445	https://campervans.vercel.app/listings/queensland-state/central-queensland-region/between-18-20-length-in-feet/
1446	https://campervans.vercel.app/listings/victoria-state/melbourne-region/between-18-20-length-in-feet/
1447	https://campervans.vercel.app/listings/victoria-state/geelong-region/between-18-20-length-in-feet/
1448	https://campervans.vercel.app/listings/victoria-state/ballarat-region/between-18-20-length-in-feet/
1449	https://campervans.vercel.app/listings/victoria-state/bendigo-region/between-18-20-length-in-feet/
1450	https://campervans.vercel.app/listings/victoria-state/mornington-peninsula-region/between-18-20-length-in-feet/
1451	https://campervans.vercel.app/listings/victoria-state/latrobe-gippsland-region/between-18-20-length-in-feet/
1452	https://campervans.vercel.app/listings/victoria-state/hume-region/between-18-20-length-in-feet/
1453	https://campervans.vercel.app/listings/victoria-state/shepparton-region/between-18-20-length-in-feet/
1454	https://campervans.vercel.app/listings/victoria-state/warrnambool-and-south-west-region/between-18-20-length-in-feet/
1455	https://campervans.vercel.app/listings/south-australia-state/adelaide-region/between-18-20-length-in-feet/
1456	https://campervans.vercel.app/listings/south-australia-state/barossa-yorke-mid-north-region/between-18-20-length-in-feet/
1457	https://campervans.vercel.app/listings/south-australia-state/south-australia-south-east-region/between-18-20-length-in-feet/
1458	https://campervans.vercel.app/listings/tasmania-state/hobart-region/between-18-20-length-in-feet/
1459	https://campervans.vercel.app/listings/tasmania-state/launceston-region/between-18-20-length-in-feet/
1460	https://campervans.vercel.app/listings/tasmania-state/north-west-region/between-18-20-length-in-feet/
1461	https://campervans.vercel.app/listings/western-australia-state/perth-region/between-18-20-length-in-feet/
1462	https://campervans.vercel.app/listings/western-australia-state/bunbury-region/between-18-20-length-in-feet/
1463	https://campervans.vercel.app/listings/western-australia-state/mandurah-region/between-18-20-length-in-feet/
1464	https://campervans.vercel.app/listings/western-australia-state/western-australia-wheat-belt-region/between-18-20-length-in-feet/
1465	https://campervans.vercel.app/listings/northern-territory-state/darwin-region/between-18-20-length-in-feet/
1466	https://campervans.vercel.app/listings/off-road-category/between-20-22-length-in-feet/
1467	https://campervans.vercel.app/listings/hybrid-category/between-20-22-length-in-feet/
1468	https://campervans.vercel.app/listings/pop-top-category/between-20-22-length-in-feet/
1469	https://campervans.vercel.app/listings/luxury-category/between-20-22-length-in-feet/
1470	https://campervans.vercel.app/listings/family-category/between-20-22-length-in-feet/
1471	https://campervans.vercel.app/listings/touring-category/between-20-22-length-in-feet/
1472	https://campervans.vercel.app/listings/australian-capital-territory-state/between-20-22-length-in-feet/
1473	https://campervans.vercel.app/listings/new-south-wales-state/between-20-22-length-in-feet/
1474	https://campervans.vercel.app/listings/northern-territory-state/between-20-22-length-in-feet/
1475	https://campervans.vercel.app/listings/queensland-state/between-20-22-length-in-feet/
1476	https://campervans.vercel.app/listings/south-australia-state/between-20-22-length-in-feet/
1477	https://campervans.vercel.app/listings/tasmania-state/between-20-22-length-in-feet/
1478	https://campervans.vercel.app/listings/victoria-state/between-20-22-length-in-feet/
1479	https://campervans.vercel.app/listings/western-australia-state/between-20-22-length-in-feet/
1480	https://campervans.vercel.app/listings/australian-capital-territory-state/australian-capital-territory-region/between-20-22-length-in-feet/
1481	https://campervans.vercel.app/listings/new-south-wales-state/sydney-region/between-20-22-length-in-feet/
1482	https://campervans.vercel.app/listings/new-south-wales-state/newcastle-region/between-20-22-length-in-feet/
1483	https://campervans.vercel.app/listings/new-south-wales-state/central-coast-region/between-20-22-length-in-feet/
1484	https://campervans.vercel.app/listings/new-south-wales-state/hunter-region/between-20-22-length-in-feet/
1485	https://campervans.vercel.app/listings/new-south-wales-state/illawarra-region/between-20-22-length-in-feet/
1486	https://campervans.vercel.app/listings/new-south-wales-state/mid-north-coast-region/between-20-22-length-in-feet/
1487	https://campervans.vercel.app/listings/new-south-wales-state/coffs-harbour-region/between-20-22-length-in-feet/
1488	https://campervans.vercel.app/listings/new-south-wales-state/richmond-tweed-region/between-20-22-length-in-feet/
1489	https://campervans.vercel.app/listings/new-south-wales-state/central-west-region/between-20-22-length-in-feet/
1490	https://campervans.vercel.app/listings/new-south-wales-state/riverina-region/between-20-22-length-in-feet/
1491	https://campervans.vercel.app/listings/queensland-state/brisbane-region/between-20-22-length-in-feet/
1492	https://campervans.vercel.app/listings/queensland-state/gold-coast-region/between-20-22-length-in-feet/
1493	https://campervans.vercel.app/listings/queensland-state/sunshine-coast-region/between-20-22-length-in-feet/
1494	https://campervans.vercel.app/listings/queensland-state/cairns-region/between-20-22-length-in-feet/
1495	https://campervans.vercel.app/listings/queensland-state/townsville-region/between-20-22-length-in-feet/
1496	https://campervans.vercel.app/listings/queensland-state/toowoomba-region/between-20-22-length-in-feet/
1497	https://campervans.vercel.app/listings/queensland-state/wide-bay-region/between-20-22-length-in-feet/
1498	https://campervans.vercel.app/listings/queensland-state/mackay-isaac-whitsunday-region/between-20-22-length-in-feet/
1499	https://campervans.vercel.app/listings/queensland-state/central-queensland-region/between-20-22-length-in-feet/
1500	https://campervans.vercel.app/listings/victoria-state/melbourne-region/between-20-22-length-in-feet/
1501	https://campervans.vercel.app/listings/victoria-state/geelong-region/between-20-22-length-in-feet/
1502	https://campervans.vercel.app/listings/victoria-state/ballarat-region/between-20-22-length-in-feet/
1503	https://campervans.vercel.app/listings/victoria-state/bendigo-region/between-20-22-length-in-feet/
1504	https://campervans.vercel.app/listings/victoria-state/mornington-peninsula-region/between-20-22-length-in-feet/
1505	https://campervans.vercel.app/listings/victoria-state/latrobe-gippsland-region/between-20-22-length-in-feet/
1506	https://campervans.vercel.app/listings/victoria-state/hume-region/between-20-22-length-in-feet/
1507	https://campervans.vercel.app/listings/victoria-state/shepparton-region/between-20-22-length-in-feet/
1508	https://campervans.vercel.app/listings/victoria-state/warrnambool-and-south-west-region/between-20-22-length-in-feet/
1509	https://campervans.vercel.app/listings/south-australia-state/adelaide-region/between-20-22-length-in-feet/
1510	https://campervans.vercel.app/listings/south-australia-state/barossa-yorke-mid-north-region/between-20-22-length-in-feet/
1511	https://campervans.vercel.app/listings/south-australia-state/south-australia-south-east-region/between-20-22-length-in-feet/
1512	https://campervans.vercel.app/listings/tasmania-state/hobart-region/between-20-22-length-in-feet/
1513	https://campervans.vercel.app/listings/tasmania-state/launceston-region/between-20-22-length-in-feet/
1514	https://campervans.vercel.app/listings/tasmania-state/north-west-region/between-20-22-length-in-feet/
1515	https://campervans.vercel.app/listings/western-australia-state/perth-region/between-20-22-length-in-feet/
1516	https://campervans.vercel.app/listings/western-australia-state/bunbury-region/between-20-22-length-in-feet/
1517	https://campervans.vercel.app/listings/western-australia-state/mandurah-region/between-20-22-length-in-feet/
1518	https://campervans.vercel.app/listings/western-australia-state/western-australia-wheat-belt-region/between-20-22-length-in-feet/
1519	https://campervans.vercel.app/listings/northern-territory-state/darwin-region/between-20-22-length-in-feet/
1520	https://campervans.vercel.app/listings/off-road-category/under-14-length-in-feet/
1521	https://campervans.vercel.app/listings/hybrid-category/under-14-length-in-feet/
1522	https://campervans.vercel.app/listings/pop-top-category/under-14-length-in-feet/
1523	https://campervans.vercel.app/listings/luxury-category/under-14-length-in-feet/
1524	https://campervans.vercel.app/listings/family-category/under-14-length-in-feet/
1525	https://campervans.vercel.app/listings/touring-category/under-14-length-in-feet/
1526	https://campervans.vercel.app/listings/australian-capital-territory-state/under-14-length-in-feet/
1527	https://campervans.vercel.app/listings/new-south-wales-state/under-14-length-in-feet/
1528	https://campervans.vercel.app/listings/northern-territory-state/under-14-length-in-feet/
1529	https://campervans.vercel.app/listings/queensland-state/under-14-length-in-feet/
1530	https://campervans.vercel.app/listings/south-australia-state/under-14-length-in-feet/
1531	https://campervans.vercel.app/listings/tasmania-state/under-14-length-in-feet/
1532	https://campervans.vercel.app/listings/victoria-state/under-14-length-in-feet/
1533	https://campervans.vercel.app/listings/western-australia-state/under-14-length-in-feet/
1534	https://campervans.vercel.app/listings/australian-capital-territory-state/australian-capital-territory-region/under-14-length-in-feet/
1535	https://campervans.vercel.app/listings/new-south-wales-state/sydney-region/under-14-length-in-feet/
1536	https://campervans.vercel.app/listings/new-south-wales-state/newcastle-region/under-14-length-in-feet/
1537	https://campervans.vercel.app/listings/new-south-wales-state/central-coast-region/under-14-length-in-feet/
1538	https://campervans.vercel.app/listings/new-south-wales-state/hunter-region/under-14-length-in-feet/
1539	https://campervans.vercel.app/listings/new-south-wales-state/illawarra-region/under-14-length-in-feet/
1540	https://campervans.vercel.app/listings/new-south-wales-state/mid-north-coast-region/under-14-length-in-feet/
1541	https://campervans.vercel.app/listings/new-south-wales-state/coffs-harbour-region/under-14-length-in-feet/
1542	https://campervans.vercel.app/listings/new-south-wales-state/richmond-tweed-region/under-14-length-in-feet/
1543	https://campervans.vercel.app/listings/new-south-wales-state/central-west-region/under-14-length-in-feet/
1544	https://campervans.vercel.app/listings/new-south-wales-state/riverina-region/under-14-length-in-feet/
1545	https://campervans.vercel.app/listings/queensland-state/brisbane-region/under-14-length-in-feet/
1546	https://campervans.vercel.app/listings/queensland-state/gold-coast-region/under-14-length-in-feet/
1547	https://campervans.vercel.app/listings/queensland-state/sunshine-coast-region/under-14-length-in-feet/
1548	https://campervans.vercel.app/listings/queensland-state/cairns-region/under-14-length-in-feet/
1549	https://campervans.vercel.app/listings/queensland-state/townsville-region/under-14-length-in-feet/
1550	https://campervans.vercel.app/listings/queensland-state/toowoomba-region/under-14-length-in-feet/
1551	https://campervans.vercel.app/listings/queensland-state/wide-bay-region/under-14-length-in-feet/
1552	https://campervans.vercel.app/listings/queensland-state/mackay-isaac-whitsunday-region/under-14-length-in-feet/
1553	https://campervans.vercel.app/listings/queensland-state/central-queensland-region/under-14-length-in-feet/
1554	https://campervans.vercel.app/listings/victoria-state/melbourne-region/under-14-length-in-feet/
1555	https://campervans.vercel.app/listings/victoria-state/geelong-region/under-14-length-in-feet/
1556	https://campervans.vercel.app/listings/victoria-state/ballarat-region/under-14-length-in-feet/
1557	https://campervans.vercel.app/listings/victoria-state/bendigo-region/under-14-length-in-feet/
1558	https://campervans.vercel.app/listings/victoria-state/mornington-peninsula-region/under-14-length-in-feet/
1559	https://campervans.vercel.app/listings/victoria-state/latrobe-gippsland-region/under-14-length-in-feet/
1560	https://campervans.vercel.app/listings/victoria-state/hume-region/under-14-length-in-feet/
1561	https://campervans.vercel.app/listings/victoria-state/shepparton-region/under-14-length-in-feet/
1562	https://campervans.vercel.app/listings/victoria-state/warrnambool-and-south-west-region/under-14-length-in-feet/
1563	https://campervans.vercel.app/listings/south-australia-state/adelaide-region/under-14-length-in-feet/
1564	https://campervans.vercel.app/listings/south-australia-state/barossa-yorke-mid-north-region/under-14-length-in-feet/
1565	https://campervans.vercel.app/listings/south-australia-state/south-australia-south-east-region/under-14-length-in-feet/
1566	https://campervans.vercel.app/listings/tasmania-state/hobart-region/under-14-length-in-feet/
1567	https://campervans.vercel.app/listings/tasmania-state/launceston-region/under-14-length-in-feet/
1568	https://campervans.vercel.app/listings/tasmania-state/north-west-region/under-14-length-in-feet/
1569	https://campervans.vercel.app/listings/western-australia-state/perth-region/under-14-length-in-feet/
1570	https://campervans.vercel.app/listings/western-australia-state/bunbury-region/under-14-length-in-feet/
1571	https://campervans.vercel.app/listings/western-australia-state/mandurah-region/under-14-length-in-feet/
1572	https://campervans.vercel.app/listings/western-australia-state/western-australia-wheat-belt-region/under-14-length-in-feet/
1573	https://campervans.vercel.app/listings/northern-territory-state/darwin-region/under-14-length-in-feet/
1574	https://campervans.vercel.app/listings/off-road-category/under-16-length-in-feet/
1575	https://campervans.vercel.app/listings/hybrid-category/under-16-length-in-feet/
1576	https://campervans.vercel.app/listings/pop-top-category/under-16-length-in-feet/
1577	https://campervans.vercel.app/listings/luxury-category/under-16-length-in-feet/
1578	https://campervans.vercel.app/listings/family-category/under-16-length-in-feet/
1579	https://campervans.vercel.app/listings/touring-category/under-16-length-in-feet/
1580	https://campervans.vercel.app/listings/australian-capital-territory-state/under-16-length-in-feet/
1581	https://campervans.vercel.app/listings/new-south-wales-state/under-16-length-in-feet/
1582	https://campervans.vercel.app/listings/northern-territory-state/under-16-length-in-feet/
1583	https://campervans.vercel.app/listings/queensland-state/under-16-length-in-feet/
1584	https://campervans.vercel.app/listings/south-australia-state/under-16-length-in-feet/
1585	https://campervans.vercel.app/listings/tasmania-state/under-16-length-in-feet/
1586	https://campervans.vercel.app/listings/victoria-state/under-16-length-in-feet/
1587	https://campervans.vercel.app/listings/western-australia-state/under-16-length-in-feet/
1588	https://campervans.vercel.app/listings/australian-capital-territory-state/australian-capital-territory-region/under-16-length-in-feet/
1589	https://campervans.vercel.app/listings/new-south-wales-state/sydney-region/under-16-length-in-feet/
1590	https://campervans.vercel.app/listings/new-south-wales-state/newcastle-region/under-16-length-in-feet/
1591	https://campervans.vercel.app/listings/new-south-wales-state/central-coast-region/under-16-length-in-feet/
1592	https://campervans.vercel.app/listings/new-south-wales-state/hunter-region/under-16-length-in-feet/
1593	https://campervans.vercel.app/listings/new-south-wales-state/illawarra-region/under-16-length-in-feet/
1594	https://campervans.vercel.app/listings/new-south-wales-state/mid-north-coast-region/under-16-length-in-feet/
1595	https://campervans.vercel.app/listings/new-south-wales-state/coffs-harbour-region/under-16-length-in-feet/
1596	https://campervans.vercel.app/listings/new-south-wales-state/richmond-tweed-region/under-16-length-in-feet/
1597	https://campervans.vercel.app/listings/new-south-wales-state/central-west-region/under-16-length-in-feet/
1598	https://campervans.vercel.app/listings/new-south-wales-state/riverina-region/under-16-length-in-feet/
1599	https://campervans.vercel.app/listings/queensland-state/brisbane-region/under-16-length-in-feet/
1600	https://campervans.vercel.app/listings/queensland-state/gold-coast-region/under-16-length-in-feet/
1601	https://campervans.vercel.app/listings/queensland-state/sunshine-coast-region/under-16-length-in-feet/
1602	https://campervans.vercel.app/listings/queensland-state/cairns-region/under-16-length-in-feet/
1603	https://campervans.vercel.app/listings/queensland-state/townsville-region/under-16-length-in-feet/
1604	https://campervans.vercel.app/listings/queensland-state/toowoomba-region/under-16-length-in-feet/
1605	https://campervans.vercel.app/listings/queensland-state/wide-bay-region/under-16-length-in-feet/
1606	https://campervans.vercel.app/listings/queensland-state/mackay-isaac-whitsunday-region/under-16-length-in-feet/
1607	https://campervans.vercel.app/listings/queensland-state/central-queensland-region/under-16-length-in-feet/
1608	https://campervans.vercel.app/listings/victoria-state/melbourne-region/under-16-length-in-feet/
1609	https://campervans.vercel.app/listings/victoria-state/geelong-region/under-16-length-in-feet/
1610	https://campervans.vercel.app/listings/victoria-state/ballarat-region/under-16-length-in-feet/
1611	https://campervans.vercel.app/listings/victoria-state/bendigo-region/under-16-length-in-feet/
1612	https://campervans.vercel.app/listings/victoria-state/mornington-peninsula-region/under-16-length-in-feet/
1613	https://campervans.vercel.app/listings/victoria-state/latrobe-gippsland-region/under-16-length-in-feet/
1614	https://campervans.vercel.app/listings/victoria-state/hume-region/under-16-length-in-feet/
1615	https://campervans.vercel.app/listings/victoria-state/shepparton-region/under-16-length-in-feet/
1616	https://campervans.vercel.app/listings/victoria-state/warrnambool-and-south-west-region/under-16-length-in-feet/
1617	https://campervans.vercel.app/listings/south-australia-state/adelaide-region/under-16-length-in-feet/
1618	https://campervans.vercel.app/listings/south-australia-state/barossa-yorke-mid-north-region/under-16-length-in-feet/
1619	https://campervans.vercel.app/listings/south-australia-state/south-australia-south-east-region/under-16-length-in-feet/
1620	https://campervans.vercel.app/listings/tasmania-state/hobart-region/under-16-length-in-feet/
1621	https://campervans.vercel.app/listings/tasmania-state/launceston-region/under-16-length-in-feet/
1622	https://campervans.vercel.app/listings/tasmania-state/north-west-region/under-16-length-in-feet/
1623	https://campervans.vercel.app/listings/western-australia-state/perth-region/under-16-length-in-feet/
1624	https://campervans.vercel.app/listings/western-australia-state/bunbury-region/under-16-length-in-feet/
1625	https://campervans.vercel.app/listings/western-australia-state/mandurah-region/under-16-length-in-feet/
1626	https://campervans.vercel.app/listings/western-australia-state/western-australia-wheat-belt-region/under-16-length-in-feet/
1627	https://campervans.vercel.app/listings/northern-territory-state/darwin-region/under-16-length-in-feet/
1628	https://campervans.vercel.app/listings/off-road-category/under-18-length-in-feet/
1629	https://campervans.vercel.app/listings/hybrid-category/under-18-length-in-feet/
1630	https://campervans.vercel.app/listings/pop-top-category/under-18-length-in-feet/
1631	https://campervans.vercel.app/listings/luxury-category/under-18-length-in-feet/
1632	https://campervans.vercel.app/listings/family-category/under-18-length-in-feet/
1633	https://campervans.vercel.app/listings/touring-category/under-18-length-in-feet/
1634	https://campervans.vercel.app/listings/australian-capital-territory-state/under-18-length-in-feet/
1635	https://campervans.vercel.app/listings/new-south-wales-state/under-18-length-in-feet/
1636	https://campervans.vercel.app/listings/northern-territory-state/under-18-length-in-feet/
1637	https://campervans.vercel.app/listings/queensland-state/under-18-length-in-feet/
1638	https://campervans.vercel.app/listings/south-australia-state/under-18-length-in-feet/
1639	https://campervans.vercel.app/listings/tasmania-state/under-18-length-in-feet/
1640	https://campervans.vercel.app/listings/victoria-state/under-18-length-in-feet/
1641	https://campervans.vercel.app/listings/western-australia-state/under-18-length-in-feet/
1642	https://campervans.vercel.app/listings/australian-capital-territory-state/australian-capital-territory-region/under-18-length-in-feet/
1643	https://campervans.vercel.app/listings/new-south-wales-state/sydney-region/under-18-length-in-feet/
1644	https://campervans.vercel.app/listings/new-south-wales-state/newcastle-region/under-18-length-in-feet/
1645	https://campervans.vercel.app/listings/new-south-wales-state/central-coast-region/under-18-length-in-feet/
1646	https://campervans.vercel.app/listings/new-south-wales-state/hunter-region/under-18-length-in-feet/
1647	https://campervans.vercel.app/listings/new-south-wales-state/illawarra-region/under-18-length-in-feet/
1648	https://campervans.vercel.app/listings/new-south-wales-state/mid-north-coast-region/under-18-length-in-feet/
1649	https://campervans.vercel.app/listings/new-south-wales-state/coffs-harbour-region/under-18-length-in-feet/
1650	https://campervans.vercel.app/listings/new-south-wales-state/richmond-tweed-region/under-18-length-in-feet/
1651	https://campervans.vercel.app/listings/new-south-wales-state/central-west-region/under-18-length-in-feet/
1652	https://campervans.vercel.app/listings/new-south-wales-state/riverina-region/under-18-length-in-feet/
1653	https://campervans.vercel.app/listings/queensland-state/brisbane-region/under-18-length-in-feet/
1654	https://campervans.vercel.app/listings/queensland-state/gold-coast-region/under-18-length-in-feet/
1655	https://campervans.vercel.app/listings/queensland-state/sunshine-coast-region/under-18-length-in-feet/
1656	https://campervans.vercel.app/listings/queensland-state/cairns-region/under-18-length-in-feet/
1657	https://campervans.vercel.app/listings/queensland-state/townsville-region/under-18-length-in-feet/
1658	https://campervans.vercel.app/listings/queensland-state/toowoomba-region/under-18-length-in-feet/
1659	https://campervans.vercel.app/listings/queensland-state/wide-bay-region/under-18-length-in-feet/
1660	https://campervans.vercel.app/listings/queensland-state/mackay-isaac-whitsunday-region/under-18-length-in-feet/
1661	https://campervans.vercel.app/listings/queensland-state/central-queensland-region/under-18-length-in-feet/
1662	https://campervans.vercel.app/listings/victoria-state/melbourne-region/under-18-length-in-feet/
1663	https://campervans.vercel.app/listings/victoria-state/geelong-region/under-18-length-in-feet/
1664	https://campervans.vercel.app/listings/victoria-state/ballarat-region/under-18-length-in-feet/
1665	https://campervans.vercel.app/listings/victoria-state/bendigo-region/under-18-length-in-feet/
1666	https://campervans.vercel.app/listings/victoria-state/mornington-peninsula-region/under-18-length-in-feet/
1667	https://campervans.vercel.app/listings/victoria-state/latrobe-gippsland-region/under-18-length-in-feet/
1668	https://campervans.vercel.app/listings/victoria-state/hume-region/under-18-length-in-feet/
1669	https://campervans.vercel.app/listings/victoria-state/shepparton-region/under-18-length-in-feet/
1670	https://campervans.vercel.app/listings/victoria-state/warrnambool-and-south-west-region/under-18-length-in-feet/
1671	https://campervans.vercel.app/listings/south-australia-state/adelaide-region/under-18-length-in-feet/
1672	https://campervans.vercel.app/listings/south-australia-state/barossa-yorke-mid-north-region/under-18-length-in-feet/
1673	https://campervans.vercel.app/listings/south-australia-state/south-australia-south-east-region/under-18-length-in-feet/
1674	https://campervans.vercel.app/listings/tasmania-state/hobart-region/under-18-length-in-feet/
1675	https://campervans.vercel.app/listings/tasmania-state/launceston-region/under-18-length-in-feet/
1676	https://campervans.vercel.app/listings/tasmania-state/north-west-region/under-18-length-in-feet/
1677	https://campervans.vercel.app/listings/western-australia-state/perth-region/under-18-length-in-feet/
1678	https://campervans.vercel.app/listings/western-australia-state/bunbury-region/under-18-length-in-feet/
1679	https://campervans.vercel.app/listings/western-australia-state/mandurah-region/under-18-length-in-feet/
1680	https://campervans.vercel.app/listings/western-australia-state/western-australia-wheat-belt-region/under-18-length-in-feet/
1681	https://campervans.vercel.app/listings/northern-territory-state/darwin-region/under-18-length-in-feet/
1682	https://campervans.vercel.app/listings/off-road-category/under-20-length-in-feet/
1683	https://campervans.vercel.app/listings/hybrid-category/under-20-length-in-feet/
1684	https://campervans.vercel.app/listings/pop-top-category/under-20-length-in-feet/
1685	https://campervans.vercel.app/listings/luxury-category/under-20-length-in-feet/
1686	https://campervans.vercel.app/listings/family-category/under-20-length-in-feet/
1687	https://campervans.vercel.app/listings/touring-category/under-20-length-in-feet/
1688	https://campervans.vercel.app/listings/australian-capital-territory-state/under-20-length-in-feet/
1689	https://campervans.vercel.app/listings/new-south-wales-state/under-20-length-in-feet/
1690	https://campervans.vercel.app/listings/northern-territory-state/under-20-length-in-feet/
1691	https://campervans.vercel.app/listings/queensland-state/under-20-length-in-feet/
1692	https://campervans.vercel.app/listings/south-australia-state/under-20-length-in-feet/
1693	https://campervans.vercel.app/listings/tasmania-state/under-20-length-in-feet/
1694	https://campervans.vercel.app/listings/victoria-state/under-20-length-in-feet/
1695	https://campervans.vercel.app/listings/western-australia-state/under-20-length-in-feet/
1696	https://campervans.vercel.app/listings/australian-capital-territory-state/australian-capital-territory-region/under-20-length-in-feet/
1697	https://campervans.vercel.app/listings/new-south-wales-state/sydney-region/under-20-length-in-feet/
1698	https://campervans.vercel.app/listings/new-south-wales-state/newcastle-region/under-20-length-in-feet/
1699	https://campervans.vercel.app/listings/new-south-wales-state/central-coast-region/under-20-length-in-feet/
1700	https://campervans.vercel.app/listings/new-south-wales-state/hunter-region/under-20-length-in-feet/
1701	https://campervans.vercel.app/listings/new-south-wales-state/illawarra-region/under-20-length-in-feet/
1702	https://campervans.vercel.app/listings/new-south-wales-state/mid-north-coast-region/under-20-length-in-feet/
1703	https://campervans.vercel.app/listings/new-south-wales-state/coffs-harbour-region/under-20-length-in-feet/
1704	https://campervans.vercel.app/listings/new-south-wales-state/richmond-tweed-region/under-20-length-in-feet/
1705	https://campervans.vercel.app/listings/new-south-wales-state/central-west-region/under-20-length-in-feet/
1706	https://campervans.vercel.app/listings/new-south-wales-state/riverina-region/under-20-length-in-feet/
1707	https://campervans.vercel.app/listings/queensland-state/brisbane-region/under-20-length-in-feet/
1708	https://campervans.vercel.app/listings/queensland-state/gold-coast-region/under-20-length-in-feet/
1709	https://campervans.vercel.app/listings/queensland-state/sunshine-coast-region/under-20-length-in-feet/
1710	https://campervans.vercel.app/listings/queensland-state/cairns-region/under-20-length-in-feet/
1711	https://campervans.vercel.app/listings/queensland-state/townsville-region/under-20-length-in-feet/
1712	https://campervans.vercel.app/listings/queensland-state/toowoomba-region/under-20-length-in-feet/
1713	https://campervans.vercel.app/listings/queensland-state/wide-bay-region/under-20-length-in-feet/
1714	https://campervans.vercel.app/listings/queensland-state/mackay-isaac-whitsunday-region/under-20-length-in-feet/
1715	https://campervans.vercel.app/listings/queensland-state/central-queensland-region/under-20-length-in-feet/
1716	https://campervans.vercel.app/listings/victoria-state/melbourne-region/under-20-length-in-feet/
1717	https://campervans.vercel.app/listings/victoria-state/geelong-region/under-20-length-in-feet/
1718	https://campervans.vercel.app/listings/victoria-state/ballarat-region/under-20-length-in-feet/
1719	https://campervans.vercel.app/listings/victoria-state/bendigo-region/under-20-length-in-feet/
1720	https://campervans.vercel.app/listings/victoria-state/mornington-peninsula-region/under-20-length-in-feet/
1721	https://campervans.vercel.app/listings/victoria-state/latrobe-gippsland-region/under-20-length-in-feet/
1722	https://campervans.vercel.app/listings/victoria-state/hume-region/under-20-length-in-feet/
1723	https://campervans.vercel.app/listings/victoria-state/shepparton-region/under-20-length-in-feet/
1724	https://campervans.vercel.app/listings/victoria-state/warrnambool-and-south-west-region/under-20-length-in-feet/
1725	https://campervans.vercel.app/listings/south-australia-state/adelaide-region/under-20-length-in-feet/
1726	https://campervans.vercel.app/listings/south-australia-state/barossa-yorke-mid-north-region/under-20-length-in-feet/
1727	https://campervans.vercel.app/listings/south-australia-state/south-australia-south-east-region/under-20-length-in-feet/
1728	https://campervans.vercel.app/listings/tasmania-state/hobart-region/under-20-length-in-feet/
1729	https://campervans.vercel.app/listings/tasmania-state/launceston-region/under-20-length-in-feet/
1730	https://campervans.vercel.app/listings/tasmania-state/north-west-region/under-20-length-in-feet/
1731	https://campervans.vercel.app/listings/western-australia-state/perth-region/under-20-length-in-feet/
1732	https://campervans.vercel.app/listings/western-australia-state/bunbury-region/under-20-length-in-feet/
1733	https://campervans.vercel.app/listings/western-australia-state/mandurah-region/under-20-length-in-feet/
1734	https://campervans.vercel.app/listings/western-australia-state/western-australia-wheat-belt-region/under-20-length-in-feet/
1735	https://campervans.vercel.app/listings/northern-territory-state/darwin-region/under-20-length-in-feet/
1736	https://campervans.vercel.app/listings/off-road-category/over-22-length-in-feet/
1737	https://campervans.vercel.app/listings/hybrid-category/over-22-length-in-feet/
1738	https://campervans.vercel.app/listings/pop-top-category/over-22-length-in-feet/
1739	https://campervans.vercel.app/listings/luxury-category/over-22-length-in-feet/
1740	https://campervans.vercel.app/listings/family-category/over-22-length-in-feet/
1741	https://campervans.vercel.app/listings/touring-category/over-22-length-in-feet/
1742	https://campervans.vercel.app/listings/australian-capital-territory-state/over-22-length-in-feet/
1743	https://campervans.vercel.app/listings/new-south-wales-state/over-22-length-in-feet/
1744	https://campervans.vercel.app/listings/northern-territory-state/over-22-length-in-feet/
1745	https://campervans.vercel.app/listings/queensland-state/over-22-length-in-feet/
1746	https://campervans.vercel.app/listings/south-australia-state/over-22-length-in-feet/
1747	https://campervans.vercel.app/listings/tasmania-state/over-22-length-in-feet/
1748	https://campervans.vercel.app/listings/victoria-state/over-22-length-in-feet/
1749	https://campervans.vercel.app/listings/western-australia-state/over-22-length-in-feet/
1750	https://campervans.vercel.app/listings/australian-capital-territory-state/australian-capital-territory-region/over-22-length-in-feet/
1751	https://campervans.vercel.app/listings/new-south-wales-state/sydney-region/over-22-length-in-feet/
1752	https://campervans.vercel.app/listings/new-south-wales-state/newcastle-region/over-22-length-in-feet/
1753	https://campervans.vercel.app/listings/new-south-wales-state/central-coast-region/over-22-length-in-feet/
1754	https://campervans.vercel.app/listings/new-south-wales-state/hunter-region/over-22-length-in-feet/
1755	https://campervans.vercel.app/listings/new-south-wales-state/illawarra-region/over-22-length-in-feet/
1756	https://campervans.vercel.app/listings/new-south-wales-state/mid-north-coast-region/over-22-length-in-feet/
1757	https://campervans.vercel.app/listings/new-south-wales-state/coffs-harbour-region/over-22-length-in-feet/
1758	https://campervans.vercel.app/listings/new-south-wales-state/richmond-tweed-region/over-22-length-in-feet/
1759	https://campervans.vercel.app/listings/new-south-wales-state/central-west-region/over-22-length-in-feet/
1760	https://campervans.vercel.app/listings/new-south-wales-state/riverina-region/over-22-length-in-feet/
1761	https://campervans.vercel.app/listings/queensland-state/brisbane-region/over-22-length-in-feet/
1762	https://campervans.vercel.app/listings/queensland-state/gold-coast-region/over-22-length-in-feet/
1763	https://campervans.vercel.app/listings/queensland-state/sunshine-coast-region/over-22-length-in-feet/
1764	https://campervans.vercel.app/listings/queensland-state/cairns-region/over-22-length-in-feet/
1765	https://campervans.vercel.app/listings/queensland-state/townsville-region/over-22-length-in-feet/
1766	https://campervans.vercel.app/listings/queensland-state/toowoomba-region/over-22-length-in-feet/
1767	https://campervans.vercel.app/listings/queensland-state/wide-bay-region/over-22-length-in-feet/
1768	https://campervans.vercel.app/listings/queensland-state/mackay-isaac-whitsunday-region/over-22-length-in-feet/
1769	https://campervans.vercel.app/listings/queensland-state/central-queensland-region/over-22-length-in-feet/
1770	https://campervans.vercel.app/listings/victoria-state/melbourne-region/over-22-length-in-feet/
1771	https://campervans.vercel.app/listings/victoria-state/geelong-region/over-22-length-in-feet/
1772	https://campervans.vercel.app/listings/victoria-state/ballarat-region/over-22-length-in-feet/
1773	https://campervans.vercel.app/listings/victoria-state/bendigo-region/over-22-length-in-feet/
1774	https://campervans.vercel.app/listings/victoria-state/mornington-peninsula-region/over-22-length-in-feet/
1775	https://campervans.vercel.app/listings/victoria-state/latrobe-gippsland-region/over-22-length-in-feet/
1776	https://campervans.vercel.app/listings/victoria-state/hume-region/over-22-length-in-feet/
1777	https://campervans.vercel.app/listings/victoria-state/shepparton-region/over-22-length-in-feet/
1778	https://campervans.vercel.app/listings/victoria-state/warrnambool-and-south-west-region/over-22-length-in-feet/
1779	https://campervans.vercel.app/listings/south-australia-state/adelaide-region/over-22-length-in-feet/
1780	https://campervans.vercel.app/listings/south-australia-state/barossa-yorke-mid-north-region/over-22-length-in-feet/
1781	https://campervans.vercel.app/listings/south-australia-state/south-australia-south-east-region/over-22-length-in-feet/
1782	https://campervans.vercel.app/listings/tasmania-state/hobart-region/over-22-length-in-feet/
1783	https://campervans.vercel.app/listings/tasmania-state/launceston-region/over-22-length-in-feet/
1784	https://campervans.vercel.app/listings/tasmania-state/north-west-region/over-22-length-in-feet/
1785	https://campervans.vercel.app/listings/western-australia-state/perth-region/over-22-length-in-feet/
1786	https://campervans.vercel.app/listings/western-australia-state/bunbury-region/over-22-length-in-feet/
1787	https://campervans.vercel.app/listings/western-australia-state/mandurah-region/over-22-length-in-feet/
1788	https://campervans.vercel.app/listings/western-australia-state/western-australia-wheat-belt-region/over-22-length-in-feet/
1789	https://campervans.vercel.app/listings/northern-territory-state/darwin-region/over-22-length-in-feet/
1790	https://campervans.vercel.app/listings/off-road-category/2-people-sleeping-capacity/
1791	https://campervans.vercel.app/listings/hybrid-category/2-people-sleeping-capacity/
1792	https://campervans.vercel.app/listings/pop-top-category/2-people-sleeping-capacity/
1793	https://campervans.vercel.app/listings/luxury-category/2-people-sleeping-capacity/
1794	https://campervans.vercel.app/listings/family-category/2-people-sleeping-capacity/
1795	https://campervans.vercel.app/listings/touring-category/2-people-sleeping-capacity/
1796	https://campervans.vercel.app/listings/australian-capital-territory-state/2-people-sleeping-capacity/
1797	https://campervans.vercel.app/listings/new-south-wales-state/2-people-sleeping-capacity/
1798	https://campervans.vercel.app/listings/northern-territory-state/2-people-sleeping-capacity/
1799	https://campervans.vercel.app/listings/queensland-state/2-people-sleeping-capacity/
1800	https://campervans.vercel.app/listings/south-australia-state/2-people-sleeping-capacity/
1801	https://campervans.vercel.app/listings/tasmania-state/2-people-sleeping-capacity/
1802	https://campervans.vercel.app/listings/victoria-state/2-people-sleeping-capacity/
1803	https://campervans.vercel.app/listings/western-australia-state/2-people-sleeping-capacity/
1804	https://campervans.vercel.app/listings/australian-capital-territory-state/australian-capital-territory-region/2-people-sleeping-capacity/
1805	https://campervans.vercel.app/listings/new-south-wales-state/sydney-region/2-people-sleeping-capacity/
1806	https://campervans.vercel.app/listings/new-south-wales-state/newcastle-region/2-people-sleeping-capacity/
1807	https://campervans.vercel.app/listings/new-south-wales-state/central-coast-region/2-people-sleeping-capacity/
1808	https://campervans.vercel.app/listings/new-south-wales-state/hunter-region/2-people-sleeping-capacity/
1809	https://campervans.vercel.app/listings/new-south-wales-state/illawarra-region/2-people-sleeping-capacity/
1810	https://campervans.vercel.app/listings/new-south-wales-state/mid-north-coast-region/2-people-sleeping-capacity/
1811	https://campervans.vercel.app/listings/new-south-wales-state/coffs-harbour-region/2-people-sleeping-capacity/
1812	https://campervans.vercel.app/listings/new-south-wales-state/richmond-tweed-region/2-people-sleeping-capacity/
1813	https://campervans.vercel.app/listings/new-south-wales-state/central-west-region/2-people-sleeping-capacity/
1814	https://campervans.vercel.app/listings/new-south-wales-state/riverina-region/2-people-sleeping-capacity/
1815	https://campervans.vercel.app/listings/queensland-state/brisbane-region/2-people-sleeping-capacity/
1816	https://campervans.vercel.app/listings/queensland-state/gold-coast-region/2-people-sleeping-capacity/
1817	https://campervans.vercel.app/listings/queensland-state/sunshine-coast-region/2-people-sleeping-capacity/
1818	https://campervans.vercel.app/listings/queensland-state/cairns-region/2-people-sleeping-capacity/
1819	https://campervans.vercel.app/listings/queensland-state/townsville-region/2-people-sleeping-capacity/
1820	https://campervans.vercel.app/listings/queensland-state/toowoomba-region/2-people-sleeping-capacity/
1821	https://campervans.vercel.app/listings/queensland-state/wide-bay-region/2-people-sleeping-capacity/
1822	https://campervans.vercel.app/listings/queensland-state/mackay-isaac-whitsunday-region/2-people-sleeping-capacity/
1823	https://campervans.vercel.app/listings/queensland-state/central-queensland-region/2-people-sleeping-capacity/
1824	https://campervans.vercel.app/listings/victoria-state/melbourne-region/2-people-sleeping-capacity/
1825	https://campervans.vercel.app/listings/victoria-state/geelong-region/2-people-sleeping-capacity/
1826	https://campervans.vercel.app/listings/victoria-state/ballarat-region/2-people-sleeping-capacity/
1827	https://campervans.vercel.app/listings/victoria-state/bendigo-region/2-people-sleeping-capacity/
1828	https://campervans.vercel.app/listings/victoria-state/mornington-peninsula-region/2-people-sleeping-capacity/
1829	https://campervans.vercel.app/listings/victoria-state/latrobe-gippsland-region/2-people-sleeping-capacity/
1830	https://campervans.vercel.app/listings/victoria-state/hume-region/2-people-sleeping-capacity/
1831	https://campervans.vercel.app/listings/victoria-state/shepparton-region/2-people-sleeping-capacity/
1832	https://campervans.vercel.app/listings/victoria-state/warrnambool-and-south-west-region/2-people-sleeping-capacity/
1833	https://campervans.vercel.app/listings/south-australia-state/adelaide-region/2-people-sleeping-capacity/
1834	https://campervans.vercel.app/listings/south-australia-state/barossa-yorke-mid-north-region/2-people-sleeping-capacity/
1835	https://campervans.vercel.app/listings/south-australia-state/south-australia-south-east-region/2-people-sleeping-capacity/
1836	https://campervans.vercel.app/listings/tasmania-state/hobart-region/2-people-sleeping-capacity/
1837	https://campervans.vercel.app/listings/tasmania-state/launceston-region/2-people-sleeping-capacity/
1838	https://campervans.vercel.app/listings/tasmania-state/north-west-region/2-people-sleeping-capacity/
1839	https://campervans.vercel.app/listings/western-australia-state/perth-region/2-people-sleeping-capacity/
1840	https://campervans.vercel.app/listings/western-australia-state/bunbury-region/2-people-sleeping-capacity/
1841	https://campervans.vercel.app/listings/western-australia-state/mandurah-region/2-people-sleeping-capacity/
1842	https://campervans.vercel.app/listings/western-australia-state/western-australia-wheat-belt-region/2-people-sleeping-capacity/
1843	https://campervans.vercel.app/listings/northern-territory-state/darwin-region/2-people-sleeping-capacity/
1844	https://campervans.vercel.app/listings/off-road-category/3-people-sleeping-capacity/
1845	https://campervans.vercel.app/listings/hybrid-category/3-people-sleeping-capacity/
1846	https://campervans.vercel.app/listings/pop-top-category/3-people-sleeping-capacity/
1847	https://campervans.vercel.app/listings/luxury-category/3-people-sleeping-capacity/
1848	https://campervans.vercel.app/listings/family-category/3-people-sleeping-capacity/
1849	https://campervans.vercel.app/listings/touring-category/3-people-sleeping-capacity/
1850	https://campervans.vercel.app/listings/australian-capital-territory-state/3-people-sleeping-capacity/
1851	https://campervans.vercel.app/listings/new-south-wales-state/3-people-sleeping-capacity/
1852	https://campervans.vercel.app/listings/northern-territory-state/3-people-sleeping-capacity/
1853	https://campervans.vercel.app/listings/queensland-state/3-people-sleeping-capacity/
1854	https://campervans.vercel.app/listings/south-australia-state/3-people-sleeping-capacity/
1855	https://campervans.vercel.app/listings/tasmania-state/3-people-sleeping-capacity/
1856	https://campervans.vercel.app/listings/victoria-state/3-people-sleeping-capacity/
1857	https://campervans.vercel.app/listings/western-australia-state/3-people-sleeping-capacity/
1858	https://campervans.vercel.app/listings/australian-capital-territory-state/australian-capital-territory-region/3-people-sleeping-capacity/
1859	https://campervans.vercel.app/listings/new-south-wales-state/sydney-region/3-people-sleeping-capacity/
1860	https://campervans.vercel.app/listings/new-south-wales-state/newcastle-region/3-people-sleeping-capacity/
1861	https://campervans.vercel.app/listings/new-south-wales-state/central-coast-region/3-people-sleeping-capacity/
1862	https://campervans.vercel.app/listings/new-south-wales-state/hunter-region/3-people-sleeping-capacity/
1863	https://campervans.vercel.app/listings/new-south-wales-state/illawarra-region/3-people-sleeping-capacity/
1864	https://campervans.vercel.app/listings/new-south-wales-state/mid-north-coast-region/3-people-sleeping-capacity/
1865	https://campervans.vercel.app/listings/new-south-wales-state/coffs-harbour-region/3-people-sleeping-capacity/
1866	https://campervans.vercel.app/listings/new-south-wales-state/richmond-tweed-region/3-people-sleeping-capacity/
1867	https://campervans.vercel.app/listings/new-south-wales-state/central-west-region/3-people-sleeping-capacity/
1868	https://campervans.vercel.app/listings/new-south-wales-state/riverina-region/3-people-sleeping-capacity/
1869	https://campervans.vercel.app/listings/queensland-state/brisbane-region/3-people-sleeping-capacity/
1870	https://campervans.vercel.app/listings/queensland-state/gold-coast-region/3-people-sleeping-capacity/
1871	https://campervans.vercel.app/listings/queensland-state/sunshine-coast-region/3-people-sleeping-capacity/
1872	https://campervans.vercel.app/listings/queensland-state/cairns-region/3-people-sleeping-capacity/
1873	https://campervans.vercel.app/listings/queensland-state/townsville-region/3-people-sleeping-capacity/
1874	https://campervans.vercel.app/listings/queensland-state/toowoomba-region/3-people-sleeping-capacity/
1875	https://campervans.vercel.app/listings/queensland-state/wide-bay-region/3-people-sleeping-capacity/
1876	https://campervans.vercel.app/listings/queensland-state/mackay-isaac-whitsunday-region/3-people-sleeping-capacity/
1877	https://campervans.vercel.app/listings/queensland-state/central-queensland-region/3-people-sleeping-capacity/
1878	https://campervans.vercel.app/listings/victoria-state/melbourne-region/3-people-sleeping-capacity/
1879	https://campervans.vercel.app/listings/victoria-state/geelong-region/3-people-sleeping-capacity/
1880	https://campervans.vercel.app/listings/victoria-state/ballarat-region/3-people-sleeping-capacity/
1881	https://campervans.vercel.app/listings/victoria-state/bendigo-region/3-people-sleeping-capacity/
1882	https://campervans.vercel.app/listings/victoria-state/mornington-peninsula-region/3-people-sleeping-capacity/
1883	https://campervans.vercel.app/listings/victoria-state/latrobe-gippsland-region/3-people-sleeping-capacity/
1884	https://campervans.vercel.app/listings/victoria-state/hume-region/3-people-sleeping-capacity/
1885	https://campervans.vercel.app/listings/victoria-state/shepparton-region/3-people-sleeping-capacity/
1886	https://campervans.vercel.app/listings/victoria-state/warrnambool-and-south-west-region/3-people-sleeping-capacity/
1887	https://campervans.vercel.app/listings/south-australia-state/adelaide-region/3-people-sleeping-capacity/
1888	https://campervans.vercel.app/listings/south-australia-state/barossa-yorke-mid-north-region/3-people-sleeping-capacity/
1889	https://campervans.vercel.app/listings/south-australia-state/south-australia-south-east-region/3-people-sleeping-capacity/
1890	https://campervans.vercel.app/listings/tasmania-state/hobart-region/3-people-sleeping-capacity/
1891	https://campervans.vercel.app/listings/tasmania-state/launceston-region/3-people-sleeping-capacity/
1892	https://campervans.vercel.app/listings/tasmania-state/north-west-region/3-people-sleeping-capacity/
1893	https://campervans.vercel.app/listings/western-australia-state/perth-region/3-people-sleeping-capacity/
1894	https://campervans.vercel.app/listings/western-australia-state/bunbury-region/3-people-sleeping-capacity/
1895	https://campervans.vercel.app/listings/western-australia-state/mandurah-region/3-people-sleeping-capacity/
1896	https://campervans.vercel.app/listings/western-australia-state/western-australia-wheat-belt-region/3-people-sleeping-capacity/
1897	https://campervans.vercel.app/listings/northern-territory-state/darwin-region/3-people-sleeping-capacity/
1898	https://campervans.vercel.app/listings/off-road-category/4-people-sleeping-capacity/
1899	https://campervans.vercel.app/listings/hybrid-category/4-people-sleeping-capacity/
1900	https://campervans.vercel.app/listings/pop-top-category/4-people-sleeping-capacity/
1901	https://campervans.vercel.app/listings/luxury-category/4-people-sleeping-capacity/
1902	https://campervans.vercel.app/listings/family-category/4-people-sleeping-capacity/
1903	https://campervans.vercel.app/listings/touring-category/4-people-sleeping-capacity/
1904	https://campervans.vercel.app/listings/australian-capital-territory-state/4-people-sleeping-capacity/
1905	https://campervans.vercel.app/listings/new-south-wales-state/4-people-sleeping-capacity/
1906	https://campervans.vercel.app/listings/northern-territory-state/4-people-sleeping-capacity/
1907	https://campervans.vercel.app/listings/queensland-state/4-people-sleeping-capacity/
1908	https://campervans.vercel.app/listings/south-australia-state/4-people-sleeping-capacity/
1909	https://campervans.vercel.app/listings/tasmania-state/4-people-sleeping-capacity/
1910	https://campervans.vercel.app/listings/victoria-state/4-people-sleeping-capacity/
1911	https://campervans.vercel.app/listings/western-australia-state/4-people-sleeping-capacity/
1912	https://campervans.vercel.app/listings/australian-capital-territory-state/australian-capital-territory-region/4-people-sleeping-capacity/
1913	https://campervans.vercel.app/listings/new-south-wales-state/sydney-region/4-people-sleeping-capacity/
1914	https://campervans.vercel.app/listings/new-south-wales-state/newcastle-region/4-people-sleeping-capacity/
1915	https://campervans.vercel.app/listings/new-south-wales-state/central-coast-region/4-people-sleeping-capacity/
1916	https://campervans.vercel.app/listings/new-south-wales-state/hunter-region/4-people-sleeping-capacity/
1917	https://campervans.vercel.app/listings/new-south-wales-state/illawarra-region/4-people-sleeping-capacity/
1918	https://campervans.vercel.app/listings/new-south-wales-state/mid-north-coast-region/4-people-sleeping-capacity/
1919	https://campervans.vercel.app/listings/new-south-wales-state/coffs-harbour-region/4-people-sleeping-capacity/
1920	https://campervans.vercel.app/listings/new-south-wales-state/richmond-tweed-region/4-people-sleeping-capacity/
1921	https://campervans.vercel.app/listings/new-south-wales-state/central-west-region/4-people-sleeping-capacity/
1922	https://campervans.vercel.app/listings/new-south-wales-state/riverina-region/4-people-sleeping-capacity/
1923	https://campervans.vercel.app/listings/queensland-state/brisbane-region/4-people-sleeping-capacity/
1924	https://campervans.vercel.app/listings/queensland-state/gold-coast-region/4-people-sleeping-capacity/
1925	https://campervans.vercel.app/listings/queensland-state/sunshine-coast-region/4-people-sleeping-capacity/
1926	https://campervans.vercel.app/listings/queensland-state/cairns-region/4-people-sleeping-capacity/
1927	https://campervans.vercel.app/listings/queensland-state/townsville-region/4-people-sleeping-capacity/
1928	https://campervans.vercel.app/listings/queensland-state/toowoomba-region/4-people-sleeping-capacity/
1929	https://campervans.vercel.app/listings/queensland-state/wide-bay-region/4-people-sleeping-capacity/
1930	https://campervans.vercel.app/listings/queensland-state/mackay-isaac-whitsunday-region/4-people-sleeping-capacity/
1931	https://campervans.vercel.app/listings/queensland-state/central-queensland-region/4-people-sleeping-capacity/
1932	https://campervans.vercel.app/listings/victoria-state/melbourne-region/4-people-sleeping-capacity/
1933	https://campervans.vercel.app/listings/victoria-state/geelong-region/4-people-sleeping-capacity/
1934	https://campervans.vercel.app/listings/victoria-state/ballarat-region/4-people-sleeping-capacity/
1935	https://campervans.vercel.app/listings/victoria-state/bendigo-region/4-people-sleeping-capacity/
1936	https://campervans.vercel.app/listings/victoria-state/mornington-peninsula-region/4-people-sleeping-capacity/
1937	https://campervans.vercel.app/listings/victoria-state/latrobe-gippsland-region/4-people-sleeping-capacity/
1938	https://campervans.vercel.app/listings/victoria-state/hume-region/4-people-sleeping-capacity/
1939	https://campervans.vercel.app/listings/victoria-state/shepparton-region/4-people-sleeping-capacity/
1940	https://campervans.vercel.app/listings/victoria-state/warrnambool-and-south-west-region/4-people-sleeping-capacity/
1941	https://campervans.vercel.app/listings/south-australia-state/adelaide-region/4-people-sleeping-capacity/
1942	https://campervans.vercel.app/listings/south-australia-state/barossa-yorke-mid-north-region/4-people-sleeping-capacity/
1943	https://campervans.vercel.app/listings/south-australia-state/south-australia-south-east-region/4-people-sleeping-capacity/
1944	https://campervans.vercel.app/listings/tasmania-state/hobart-region/4-people-sleeping-capacity/
1945	https://campervans.vercel.app/listings/tasmania-state/launceston-region/4-people-sleeping-capacity/
1946	https://campervans.vercel.app/listings/tasmania-state/north-west-region/4-people-sleeping-capacity/
1947	https://campervans.vercel.app/listings/western-australia-state/perth-region/4-people-sleeping-capacity/
1948	https://campervans.vercel.app/listings/western-australia-state/bunbury-region/4-people-sleeping-capacity/
1949	https://campervans.vercel.app/listings/western-australia-state/mandurah-region/4-people-sleeping-capacity/
1950	https://campervans.vercel.app/listings/western-australia-state/western-australia-wheat-belt-region/4-people-sleeping-capacity/
1951	https://campervans.vercel.app/listings/northern-territory-state/darwin-region/4-people-sleeping-capacity/
1952	https://campervans.vercel.app/listings/off-road-category/5-people-sleeping-capacity/
1953	https://campervans.vercel.app/listings/hybrid-category/5-people-sleeping-capacity/
1954	https://campervans.vercel.app/listings/pop-top-category/5-people-sleeping-capacity/
1955	https://campervans.vercel.app/listings/luxury-category/5-people-sleeping-capacity/
1956	https://campervans.vercel.app/listings/family-category/5-people-sleeping-capacity/
1957	https://campervans.vercel.app/listings/touring-category/5-people-sleeping-capacity/
1958	https://campervans.vercel.app/listings/australian-capital-territory-state/5-people-sleeping-capacity/
1959	https://campervans.vercel.app/listings/new-south-wales-state/5-people-sleeping-capacity/
1960	https://campervans.vercel.app/listings/northern-territory-state/5-people-sleeping-capacity/
1961	https://campervans.vercel.app/listings/queensland-state/5-people-sleeping-capacity/
1962	https://campervans.vercel.app/listings/south-australia-state/5-people-sleeping-capacity/
1963	https://campervans.vercel.app/listings/tasmania-state/5-people-sleeping-capacity/
1964	https://campervans.vercel.app/listings/victoria-state/5-people-sleeping-capacity/
1965	https://campervans.vercel.app/listings/western-australia-state/5-people-sleeping-capacity/
1966	https://campervans.vercel.app/listings/australian-capital-territory-state/australian-capital-territory-region/5-people-sleeping-capacity/
1967	https://campervans.vercel.app/listings/new-south-wales-state/sydney-region/5-people-sleeping-capacity/
1968	https://campervans.vercel.app/listings/new-south-wales-state/newcastle-region/5-people-sleeping-capacity/
1969	https://campervans.vercel.app/listings/new-south-wales-state/central-coast-region/5-people-sleeping-capacity/
1970	https://campervans.vercel.app/listings/new-south-wales-state/hunter-region/5-people-sleeping-capacity/
1971	https://campervans.vercel.app/listings/new-south-wales-state/illawarra-region/5-people-sleeping-capacity/
1972	https://campervans.vercel.app/listings/new-south-wales-state/mid-north-coast-region/5-people-sleeping-capacity/
1973	https://campervans.vercel.app/listings/new-south-wales-state/coffs-harbour-region/5-people-sleeping-capacity/
1974	https://campervans.vercel.app/listings/new-south-wales-state/richmond-tweed-region/5-people-sleeping-capacity/
1975	https://campervans.vercel.app/listings/new-south-wales-state/central-west-region/5-people-sleeping-capacity/
1976	https://campervans.vercel.app/listings/new-south-wales-state/riverina-region/5-people-sleeping-capacity/
1977	https://campervans.vercel.app/listings/queensland-state/brisbane-region/5-people-sleeping-capacity/
1978	https://campervans.vercel.app/listings/queensland-state/gold-coast-region/5-people-sleeping-capacity/
1979	https://campervans.vercel.app/listings/queensland-state/sunshine-coast-region/5-people-sleeping-capacity/
1980	https://campervans.vercel.app/listings/queensland-state/cairns-region/5-people-sleeping-capacity/
1981	https://campervans.vercel.app/listings/queensland-state/townsville-region/5-people-sleeping-capacity/
1982	https://campervans.vercel.app/listings/queensland-state/toowoomba-region/5-people-sleeping-capacity/
1983	https://campervans.vercel.app/listings/queensland-state/wide-bay-region/5-people-sleeping-capacity/
1984	https://campervans.vercel.app/listings/queensland-state/mackay-isaac-whitsunday-region/5-people-sleeping-capacity/
1985	https://campervans.vercel.app/listings/queensland-state/central-queensland-region/5-people-sleeping-capacity/
1986	https://campervans.vercel.app/listings/victoria-state/melbourne-region/5-people-sleeping-capacity/
1987	https://campervans.vercel.app/listings/victoria-state/geelong-region/5-people-sleeping-capacity/
1988	https://campervans.vercel.app/listings/victoria-state/ballarat-region/5-people-sleeping-capacity/
1989	https://campervans.vercel.app/listings/victoria-state/bendigo-region/5-people-sleeping-capacity/
1990	https://campervans.vercel.app/listings/victoria-state/mornington-peninsula-region/5-people-sleeping-capacity/
1991	https://campervans.vercel.app/listings/victoria-state/latrobe-gippsland-region/5-people-sleeping-capacity/
1992	https://campervans.vercel.app/listings/victoria-state/hume-region/5-people-sleeping-capacity/
1993	https://campervans.vercel.app/listings/victoria-state/shepparton-region/5-people-sleeping-capacity/
1994	https://campervans.vercel.app/listings/victoria-state/warrnambool-and-south-west-region/5-people-sleeping-capacity/
1995	https://campervans.vercel.app/listings/south-australia-state/adelaide-region/5-people-sleeping-capacity/
1996	https://campervans.vercel.app/listings/south-australia-state/barossa-yorke-mid-north-region/5-people-sleeping-capacity/
1997	https://campervans.vercel.app/listings/south-australia-state/south-australia-south-east-region/5-people-sleeping-capacity/
1998	https://campervans.vercel.app/listings/tasmania-state/hobart-region/5-people-sleeping-capacity/
1999	https://campervans.vercel.app/listings/tasmania-state/launceston-region/5-people-sleeping-capacity/
2000	https://campervans.vercel.app/listings/tasmania-state/north-west-region/5-people-sleeping-capacity/
2001	https://campervans.vercel.app/listings/western-australia-state/perth-region/5-people-sleeping-capacity/
2002	https://campervans.vercel.app/listings/western-australia-state/bunbury-region/5-people-sleeping-capacity/
2003	https://campervans.vercel.app/listings/western-australia-state/mandurah-region/5-people-sleeping-capacity/
2004	https://campervans.vercel.app/listings/western-australia-state/western-australia-wheat-belt-region/5-people-sleeping-capacity/
2005	https://campervans.vercel.app/listings/northern-territory-state/darwin-region/5-people-sleeping-capacity/
2006	https://campervans.vercel.app/listings/off-road-category/6-people-sleeping-capacity/
2007	https://campervans.vercel.app/listings/hybrid-category/6-people-sleeping-capacity/
2008	https://campervans.vercel.app/listings/pop-top-category/6-people-sleeping-capacity/
2009	https://campervans.vercel.app/listings/luxury-category/6-people-sleeping-capacity/
2010	https://campervans.vercel.app/listings/family-category/6-people-sleeping-capacity/
2011	https://campervans.vercel.app/listings/touring-category/6-people-sleeping-capacity/
2012	https://campervans.vercel.app/listings/australian-capital-territory-state/6-people-sleeping-capacity/
2013	https://campervans.vercel.app/listings/new-south-wales-state/6-people-sleeping-capacity/
2014	https://campervans.vercel.app/listings/northern-territory-state/6-people-sleeping-capacity/
2015	https://campervans.vercel.app/listings/queensland-state/6-people-sleeping-capacity/
2016	https://campervans.vercel.app/listings/south-australia-state/6-people-sleeping-capacity/
2017	https://campervans.vercel.app/listings/tasmania-state/6-people-sleeping-capacity/
2018	https://campervans.vercel.app/listings/victoria-state/6-people-sleeping-capacity/
2019	https://campervans.vercel.app/listings/western-australia-state/6-people-sleeping-capacity/
2020	https://campervans.vercel.app/listings/australian-capital-territory-state/australian-capital-territory-region/6-people-sleeping-capacity/
2021	https://campervans.vercel.app/listings/new-south-wales-state/sydney-region/6-people-sleeping-capacity/
2022	https://campervans.vercel.app/listings/new-south-wales-state/newcastle-region/6-people-sleeping-capacity/
2023	https://campervans.vercel.app/listings/new-south-wales-state/central-coast-region/6-people-sleeping-capacity/
2024	https://campervans.vercel.app/listings/new-south-wales-state/hunter-region/6-people-sleeping-capacity/
2025	https://campervans.vercel.app/listings/new-south-wales-state/illawarra-region/6-people-sleeping-capacity/
2026	https://campervans.vercel.app/listings/new-south-wales-state/mid-north-coast-region/6-people-sleeping-capacity/
2027	https://campervans.vercel.app/listings/new-south-wales-state/coffs-harbour-region/6-people-sleeping-capacity/
2028	https://campervans.vercel.app/listings/new-south-wales-state/richmond-tweed-region/6-people-sleeping-capacity/
2029	https://campervans.vercel.app/listings/new-south-wales-state/central-west-region/6-people-sleeping-capacity/
2030	https://campervans.vercel.app/listings/new-south-wales-state/riverina-region/6-people-sleeping-capacity/
2031	https://campervans.vercel.app/listings/queensland-state/brisbane-region/6-people-sleeping-capacity/
2032	https://campervans.vercel.app/listings/queensland-state/gold-coast-region/6-people-sleeping-capacity/
2033	https://campervans.vercel.app/listings/queensland-state/sunshine-coast-region/6-people-sleeping-capacity/
2034	https://campervans.vercel.app/listings/queensland-state/cairns-region/6-people-sleeping-capacity/
2035	https://campervans.vercel.app/listings/queensland-state/townsville-region/6-people-sleeping-capacity/
2036	https://campervans.vercel.app/listings/queensland-state/toowoomba-region/6-people-sleeping-capacity/
2037	https://campervans.vercel.app/listings/queensland-state/wide-bay-region/6-people-sleeping-capacity/
2038	https://campervans.vercel.app/listings/queensland-state/mackay-isaac-whitsunday-region/6-people-sleeping-capacity/
2039	https://campervans.vercel.app/listings/queensland-state/central-queensland-region/6-people-sleeping-capacity/
2040	https://campervans.vercel.app/listings/victoria-state/melbourne-region/6-people-sleeping-capacity/
2041	https://campervans.vercel.app/listings/victoria-state/geelong-region/6-people-sleeping-capacity/
2042	https://campervans.vercel.app/listings/victoria-state/ballarat-region/6-people-sleeping-capacity/
2043	https://campervans.vercel.app/listings/victoria-state/bendigo-region/6-people-sleeping-capacity/
2044	https://campervans.vercel.app/listings/victoria-state/mornington-peninsula-region/6-people-sleeping-capacity/
2045	https://campervans.vercel.app/listings/victoria-state/latrobe-gippsland-region/6-people-sleeping-capacity/
2046	https://campervans.vercel.app/listings/victoria-state/hume-region/6-people-sleeping-capacity/
2047	https://campervans.vercel.app/listings/victoria-state/shepparton-region/6-people-sleeping-capacity/
2048	https://campervans.vercel.app/listings/victoria-state/warrnambool-and-south-west-region/6-people-sleeping-capacity/
2049	https://campervans.vercel.app/listings/south-australia-state/adelaide-region/6-people-sleeping-capacity/
2050	https://campervans.vercel.app/listings/south-australia-state/barossa-yorke-mid-north-region/6-people-sleeping-capacity/
2051	https://campervans.vercel.app/listings/south-australia-state/south-australia-south-east-region/6-people-sleeping-capacity/
2052	https://campervans.vercel.app/listings/tasmania-state/hobart-region/6-people-sleeping-capacity/
2053	https://campervans.vercel.app/listings/tasmania-state/launceston-region/6-people-sleeping-capacity/
2054	https://campervans.vercel.app/listings/tasmania-state/north-west-region/6-people-sleeping-capacity/
2055	https://campervans.vercel.app/listings/western-australia-state/perth-region/6-people-sleeping-capacity/
2056	https://campervans.vercel.app/listings/western-australia-state/bunbury-region/6-people-sleeping-capacity/
2057	https://campervans.vercel.app/listings/western-australia-state/mandurah-region/6-people-sleeping-capacity/
2058	https://campervans.vercel.app/listings/western-australia-state/western-australia-wheat-belt-region/6-people-sleeping-capacity/
2059	https://campervans.vercel.app/listings/northern-territory-state/darwin-region/6-people-sleeping-capacity/
2060	https://campervans.vercel.app/listings/off-road-category/over-5-people-sleeping-capacity/
2061	https://campervans.vercel.app/listings/hybrid-category/over-5-people-sleeping-capacity/
2062	https://campervans.vercel.app/listings/pop-top-category/over-5-people-sleeping-capacity/
2063	https://campervans.vercel.app/listings/luxury-category/over-5-people-sleeping-capacity/
2064	https://campervans.vercel.app/listings/family-category/over-5-people-sleeping-capacity/
2065	https://campervans.vercel.app/listings/touring-category/over-5-people-sleeping-capacity/
2066	https://campervans.vercel.app/listings/australian-capital-territory-state/over-5-people-sleeping-capacity/
2067	https://campervans.vercel.app/listings/new-south-wales-state/over-5-people-sleeping-capacity/
2068	https://campervans.vercel.app/listings/northern-territory-state/over-5-people-sleeping-capacity/
2069	https://campervans.vercel.app/listings/queensland-state/over-5-people-sleeping-capacity/
2070	https://campervans.vercel.app/listings/south-australia-state/over-5-people-sleeping-capacity/
2071	https://campervans.vercel.app/listings/tasmania-state/over-5-people-sleeping-capacity/
2072	https://campervans.vercel.app/listings/victoria-state/over-5-people-sleeping-capacity/
2073	https://campervans.vercel.app/listings/western-australia-state/over-5-people-sleeping-capacity/
2074	https://campervans.vercel.app/listings/australian-capital-territory-state/australian-capital-territory-region/over-5-people-sleeping-capacity/
2075	https://campervans.vercel.app/listings/new-south-wales-state/sydney-region/over-5-people-sleeping-capacity/
2076	https://campervans.vercel.app/listings/new-south-wales-state/newcastle-region/over-5-people-sleeping-capacity/
2077	https://campervans.vercel.app/listings/new-south-wales-state/central-coast-region/over-5-people-sleeping-capacity/
2078	https://campervans.vercel.app/listings/new-south-wales-state/hunter-region/over-5-people-sleeping-capacity/
2079	https://campervans.vercel.app/listings/new-south-wales-state/illawarra-region/over-5-people-sleeping-capacity/
2080	https://campervans.vercel.app/listings/new-south-wales-state/mid-north-coast-region/over-5-people-sleeping-capacity/
2081	https://campervans.vercel.app/listings/new-south-wales-state/coffs-harbour-region/over-5-people-sleeping-capacity/
2082	https://campervans.vercel.app/listings/new-south-wales-state/richmond-tweed-region/over-5-people-sleeping-capacity/
2083	https://campervans.vercel.app/listings/new-south-wales-state/central-west-region/over-5-people-sleeping-capacity/
2084	https://campervans.vercel.app/listings/new-south-wales-state/riverina-region/over-5-people-sleeping-capacity/
2085	https://campervans.vercel.app/listings/queensland-state/brisbane-region/over-5-people-sleeping-capacity/
2086	https://campervans.vercel.app/listings/queensland-state/gold-coast-region/over-5-people-sleeping-capacity/
2087	https://campervans.vercel.app/listings/queensland-state/sunshine-coast-region/over-5-people-sleeping-capacity/
2088	https://campervans.vercel.app/listings/queensland-state/cairns-region/over-5-people-sleeping-capacity/
2089	https://campervans.vercel.app/listings/queensland-state/townsville-region/over-5-people-sleeping-capacity/
2090	https://campervans.vercel.app/listings/queensland-state/toowoomba-region/over-5-people-sleeping-capacity/
2091	https://campervans.vercel.app/listings/queensland-state/wide-bay-region/over-5-people-sleeping-capacity/
2092	https://campervans.vercel.app/listings/queensland-state/mackay-isaac-whitsunday-region/over-5-people-sleeping-capacity/
2093	https://campervans.vercel.app/listings/queensland-state/central-queensland-region/over-5-people-sleeping-capacity/
2094	https://campervans.vercel.app/listings/victoria-state/melbourne-region/over-5-people-sleeping-capacity/
2095	https://campervans.vercel.app/listings/victoria-state/geelong-region/over-5-people-sleeping-capacity/
2096	https://campervans.vercel.app/listings/victoria-state/ballarat-region/over-5-people-sleeping-capacity/
2097	https://campervans.vercel.app/listings/victoria-state/bendigo-region/over-5-people-sleeping-capacity/
2098	https://campervans.vercel.app/listings/victoria-state/mornington-peninsula-region/over-5-people-sleeping-capacity/
2099	https://campervans.vercel.app/listings/victoria-state/latrobe-gippsland-region/over-5-people-sleeping-capacity/
2100	https://campervans.vercel.app/listings/victoria-state/hume-region/over-5-people-sleeping-capacity/
2101	https://campervans.vercel.app/listings/victoria-state/shepparton-region/over-5-people-sleeping-capacity/
2102	https://campervans.vercel.app/listings/victoria-state/warrnambool-and-south-west-region/over-5-people-sleeping-capacity/
2103	https://campervans.vercel.app/listings/south-australia-state/adelaide-region/over-5-people-sleeping-capacity/
2104	https://campervans.vercel.app/listings/south-australia-state/barossa-yorke-mid-north-region/over-5-people-sleeping-capacity/
2105	https://campervans.vercel.app/listings/south-australia-state/south-australia-south-east-region/over-5-people-sleeping-capacity/
2106	https://campervans.vercel.app/listings/tasmania-state/hobart-region/over-5-people-sleeping-capacity/
2107	https://campervans.vercel.app/listings/tasmania-state/launceston-region/over-5-people-sleeping-capacity/
2108	https://campervans.vercel.app/listings/tasmania-state/north-west-region/over-5-people-sleeping-capacity/
2109	https://campervans.vercel.app/listings/western-australia-state/perth-region/over-5-people-sleeping-capacity/
2110	https://campervans.vercel.app/listings/western-australia-state/bunbury-region/over-5-people-sleeping-capacity/
2111	https://campervans.vercel.app/listings/western-australia-state/mandurah-region/over-5-people-sleeping-capacity/
2112	https://campervans.vercel.app/listings/western-australia-state/western-australia-wheat-belt-region/over-5-people-sleeping-capacity/
2113	https://campervans.vercel.app/listings/northern-territory-state/darwin-region/over-5-people-sleeping-capacity/
2114	https://campervans.vercel.app/listings/off-road-category/between-2-4-people-sleeping-capacity/
2115	https://campervans.vercel.app/listings/hybrid-category/between-2-4-people-sleeping-capacity/
2116	https://campervans.vercel.app/listings/pop-top-category/between-2-4-people-sleeping-capacity/
2117	https://campervans.vercel.app/listings/luxury-category/between-2-4-people-sleeping-capacity/
2118	https://campervans.vercel.app/listings/family-category/between-2-4-people-sleeping-capacity/
2119	https://campervans.vercel.app/listings/touring-category/between-2-4-people-sleeping-capacity/
2120	https://campervans.vercel.app/listings/australian-capital-territory-state/between-2-4-people-sleeping-capacity/
2121	https://campervans.vercel.app/listings/new-south-wales-state/between-2-4-people-sleeping-capacity/
2122	https://campervans.vercel.app/listings/northern-territory-state/between-2-4-people-sleeping-capacity/
2123	https://campervans.vercel.app/listings/queensland-state/between-2-4-people-sleeping-capacity/
2124	https://campervans.vercel.app/listings/south-australia-state/between-2-4-people-sleeping-capacity/
2125	https://campervans.vercel.app/listings/tasmania-state/between-2-4-people-sleeping-capacity/
2126	https://campervans.vercel.app/listings/victoria-state/between-2-4-people-sleeping-capacity/
2127	https://campervans.vercel.app/listings/western-australia-state/between-2-4-people-sleeping-capacity/
2128	https://campervans.vercel.app/listings/australian-capital-territory-state/australian-capital-territory-region/between-2-4-people-sleeping-capacity/
2129	https://campervans.vercel.app/listings/new-south-wales-state/sydney-region/between-2-4-people-sleeping-capacity/
2130	https://campervans.vercel.app/listings/new-south-wales-state/newcastle-region/between-2-4-people-sleeping-capacity/
2131	https://campervans.vercel.app/listings/new-south-wales-state/central-coast-region/between-2-4-people-sleeping-capacity/
2132	https://campervans.vercel.app/listings/new-south-wales-state/hunter-region/between-2-4-people-sleeping-capacity/
2133	https://campervans.vercel.app/listings/new-south-wales-state/illawarra-region/between-2-4-people-sleeping-capacity/
2134	https://campervans.vercel.app/listings/new-south-wales-state/mid-north-coast-region/between-2-4-people-sleeping-capacity/
2135	https://campervans.vercel.app/listings/new-south-wales-state/coffs-harbour-region/between-2-4-people-sleeping-capacity/
2136	https://campervans.vercel.app/listings/new-south-wales-state/richmond-tweed-region/between-2-4-people-sleeping-capacity/
2137	https://campervans.vercel.app/listings/new-south-wales-state/central-west-region/between-2-4-people-sleeping-capacity/
2138	https://campervans.vercel.app/listings/new-south-wales-state/riverina-region/between-2-4-people-sleeping-capacity/
2139	https://campervans.vercel.app/listings/queensland-state/brisbane-region/between-2-4-people-sleeping-capacity/
2140	https://campervans.vercel.app/listings/queensland-state/gold-coast-region/between-2-4-people-sleeping-capacity/
2141	https://campervans.vercel.app/listings/queensland-state/sunshine-coast-region/between-2-4-people-sleeping-capacity/
2142	https://campervans.vercel.app/listings/queensland-state/cairns-region/between-2-4-people-sleeping-capacity/
2143	https://campervans.vercel.app/listings/queensland-state/townsville-region/between-2-4-people-sleeping-capacity/
2144	https://campervans.vercel.app/listings/queensland-state/toowoomba-region/between-2-4-people-sleeping-capacity/
2145	https://campervans.vercel.app/listings/queensland-state/wide-bay-region/between-2-4-people-sleeping-capacity/
2146	https://campervans.vercel.app/listings/queensland-state/mackay-isaac-whitsunday-region/between-2-4-people-sleeping-capacity/
2147	https://campervans.vercel.app/listings/queensland-state/central-queensland-region/between-2-4-people-sleeping-capacity/
2148	https://campervans.vercel.app/listings/victoria-state/melbourne-region/between-2-4-people-sleeping-capacity/
2149	https://campervans.vercel.app/listings/victoria-state/geelong-region/between-2-4-people-sleeping-capacity/
2150	https://campervans.vercel.app/listings/victoria-state/ballarat-region/between-2-4-people-sleeping-capacity/
2151	https://campervans.vercel.app/listings/victoria-state/bendigo-region/between-2-4-people-sleeping-capacity/
2152	https://campervans.vercel.app/listings/victoria-state/mornington-peninsula-region/between-2-4-people-sleeping-capacity/
2153	https://campervans.vercel.app/listings/victoria-state/latrobe-gippsland-region/between-2-4-people-sleeping-capacity/
2154	https://campervans.vercel.app/listings/victoria-state/hume-region/between-2-4-people-sleeping-capacity/
2155	https://campervans.vercel.app/listings/victoria-state/shepparton-region/between-2-4-people-sleeping-capacity/
2156	https://campervans.vercel.app/listings/victoria-state/warrnambool-and-south-west-region/between-2-4-people-sleeping-capacity/
2157	https://campervans.vercel.app/listings/south-australia-state/adelaide-region/between-2-4-people-sleeping-capacity/
2158	https://campervans.vercel.app/listings/south-australia-state/barossa-yorke-mid-north-region/between-2-4-people-sleeping-capacity/
2159	https://campervans.vercel.app/listings/south-australia-state/south-australia-south-east-region/between-2-4-people-sleeping-capacity/
2160	https://campervans.vercel.app/listings/tasmania-state/hobart-region/between-2-4-people-sleeping-capacity/
2161	https://campervans.vercel.app/listings/tasmania-state/launceston-region/between-2-4-people-sleeping-capacity/
2162	https://campervans.vercel.app/listings/tasmania-state/north-west-region/between-2-4-people-sleeping-capacity/
2163	https://campervans.vercel.app/listings/western-australia-state/perth-region/between-2-4-people-sleeping-capacity/
2164	https://campervans.vercel.app/listings/western-australia-state/bunbury-region/between-2-4-people-sleeping-capacity/
2165	https://campervans.vercel.app/listings/western-australia-state/mandurah-region/between-2-4-people-sleeping-capacity/
2166	https://campervans.vercel.app/listings/western-australia-state/western-australia-wheat-belt-region/between-2-4-people-sleeping-capacity/
2167	https://campervans.vercel.app/listings/northern-territory-state/darwin-region/between-2-4-people-sleeping-capacity/
2168	https://campervans.vercel.app/listings/off-road-category/between-4-6-people-sleeping-capacity/
2169	https://campervans.vercel.app/listings/hybrid-category/between-4-6-people-sleeping-capacity/
2170	https://campervans.vercel.app/listings/pop-top-category/between-4-6-people-sleeping-capacity/
2171	https://campervans.vercel.app/listings/luxury-category/between-4-6-people-sleeping-capacity/
2172	https://campervans.vercel.app/listings/family-category/between-4-6-people-sleeping-capacity/
2173	https://campervans.vercel.app/listings/touring-category/between-4-6-people-sleeping-capacity/
2174	https://campervans.vercel.app/listings/australian-capital-territory-state/between-4-6-people-sleeping-capacity/
2175	https://campervans.vercel.app/listings/new-south-wales-state/between-4-6-people-sleeping-capacity/
2176	https://campervans.vercel.app/listings/northern-territory-state/between-4-6-people-sleeping-capacity/
2177	https://campervans.vercel.app/listings/queensland-state/between-4-6-people-sleeping-capacity/
2178	https://campervans.vercel.app/listings/south-australia-state/between-4-6-people-sleeping-capacity/
2179	https://campervans.vercel.app/listings/tasmania-state/between-4-6-people-sleeping-capacity/
2180	https://campervans.vercel.app/listings/victoria-state/between-4-6-people-sleeping-capacity/
2181	https://campervans.vercel.app/listings/western-australia-state/between-4-6-people-sleeping-capacity/
2182	https://campervans.vercel.app/listings/australian-capital-territory-state/australian-capital-territory-region/between-4-6-people-sleeping-capacity/
2183	https://campervans.vercel.app/listings/new-south-wales-state/sydney-region/between-4-6-people-sleeping-capacity/
2184	https://campervans.vercel.app/listings/new-south-wales-state/newcastle-region/between-4-6-people-sleeping-capacity/
2185	https://campervans.vercel.app/listings/new-south-wales-state/central-coast-region/between-4-6-people-sleeping-capacity/
2186	https://campervans.vercel.app/listings/new-south-wales-state/hunter-region/between-4-6-people-sleeping-capacity/
2187	https://campervans.vercel.app/listings/new-south-wales-state/illawarra-region/between-4-6-people-sleeping-capacity/
2188	https://campervans.vercel.app/listings/new-south-wales-state/mid-north-coast-region/between-4-6-people-sleeping-capacity/
2189	https://campervans.vercel.app/listings/new-south-wales-state/coffs-harbour-region/between-4-6-people-sleeping-capacity/
2190	https://campervans.vercel.app/listings/new-south-wales-state/richmond-tweed-region/between-4-6-people-sleeping-capacity/
2191	https://campervans.vercel.app/listings/new-south-wales-state/central-west-region/between-4-6-people-sleeping-capacity/
2192	https://campervans.vercel.app/listings/new-south-wales-state/riverina-region/between-4-6-people-sleeping-capacity/
2193	https://campervans.vercel.app/listings/queensland-state/brisbane-region/between-4-6-people-sleeping-capacity/
2194	https://campervans.vercel.app/listings/queensland-state/gold-coast-region/between-4-6-people-sleeping-capacity/
2195	https://campervans.vercel.app/listings/queensland-state/sunshine-coast-region/between-4-6-people-sleeping-capacity/
2196	https://campervans.vercel.app/listings/queensland-state/cairns-region/between-4-6-people-sleeping-capacity/
2197	https://campervans.vercel.app/listings/queensland-state/townsville-region/between-4-6-people-sleeping-capacity/
2198	https://campervans.vercel.app/listings/queensland-state/toowoomba-region/between-4-6-people-sleeping-capacity/
2199	https://campervans.vercel.app/listings/queensland-state/wide-bay-region/between-4-6-people-sleeping-capacity/
2200	https://campervans.vercel.app/listings/queensland-state/mackay-isaac-whitsunday-region/between-4-6-people-sleeping-capacity/
2201	https://campervans.vercel.app/listings/queensland-state/central-queensland-region/between-4-6-people-sleeping-capacity/
2202	https://campervans.vercel.app/listings/victoria-state/melbourne-region/between-4-6-people-sleeping-capacity/
2203	https://campervans.vercel.app/listings/victoria-state/geelong-region/between-4-6-people-sleeping-capacity/
2204	https://campervans.vercel.app/listings/victoria-state/ballarat-region/between-4-6-people-sleeping-capacity/
2205	https://campervans.vercel.app/listings/victoria-state/bendigo-region/between-4-6-people-sleeping-capacity/
2206	https://campervans.vercel.app/listings/victoria-state/mornington-peninsula-region/between-4-6-people-sleeping-capacity/
2207	https://campervans.vercel.app/listings/victoria-state/latrobe-gippsland-region/between-4-6-people-sleeping-capacity/
2208	https://campervans.vercel.app/listings/victoria-state/hume-region/between-4-6-people-sleeping-capacity/
2209	https://campervans.vercel.app/listings/victoria-state/shepparton-region/between-4-6-people-sleeping-capacity/
2210	https://campervans.vercel.app/listings/victoria-state/warrnambool-and-south-west-region/between-4-6-people-sleeping-capacity/
2211	https://campervans.vercel.app/listings/south-australia-state/adelaide-region/between-4-6-people-sleeping-capacity/
2212	https://campervans.vercel.app/listings/south-australia-state/barossa-yorke-mid-north-region/between-4-6-people-sleeping-capacity/
2213	https://campervans.vercel.app/listings/south-australia-state/south-australia-south-east-region/between-4-6-people-sleeping-capacity/
2214	https://campervans.vercel.app/listings/tasmania-state/hobart-region/between-4-6-people-sleeping-capacity/
2215	https://campervans.vercel.app/listings/tasmania-state/launceston-region/between-4-6-people-sleeping-capacity/
2216	https://campervans.vercel.app/listings/tasmania-state/north-west-region/between-4-6-people-sleeping-capacity/
2217	https://campervans.vercel.app/listings/western-australia-state/perth-region/between-4-6-people-sleeping-capacity/
2218	https://campervans.vercel.app/listings/western-australia-state/bunbury-region/between-4-6-people-sleeping-capacity/
2219	https://campervans.vercel.app/listings/western-australia-state/mandurah-region/between-4-6-people-sleeping-capacity/
2220	https://campervans.vercel.app/listings/western-australia-state/western-australia-wheat-belt-region/between-4-6-people-sleeping-capacity/
2221	https://campervans.vercel.app/listings/northern-territory-state/darwin-region/between-4-6-people-sleeping-capacity/
2222	https://campervans.vercel.app/listings/off-road-category/over-100000/
2223	https://campervans.vercel.app/listings/hybrid-category/over-100000/
2224	https://campervans.vercel.app/listings/pop-top-category/over-100000/
2225	https://campervans.vercel.app/listings/luxury-category/over-100000/
2226	https://campervans.vercel.app/listings/family-category/over-100000/
2227	https://campervans.vercel.app/listings/touring-category/over-100000/
2228	https://campervans.vercel.app/listings/australian-capital-territory-state/over-100000/
2229	https://campervans.vercel.app/listings/new-south-wales-state/over-100000/
2230	https://campervans.vercel.app/listings/northern-territory-state/over-100000/
2231	https://campervans.vercel.app/listings/queensland-state/over-100000/
2232	https://campervans.vercel.app/listings/south-australia-state/over-100000/
2233	https://campervans.vercel.app/listings/tasmania-state/over-100000/
2234	https://campervans.vercel.app/listings/victoria-state/over-100000/
2235	https://campervans.vercel.app/listings/western-australia-state/over-100000/
2236	https://campervans.vercel.app/listings/australian-capital-territory-state/australian-capital-territory-region/over-100000/
2237	https://campervans.vercel.app/listings/new-south-wales-state/sydney-region/over-100000/
2238	https://campervans.vercel.app/listings/new-south-wales-state/newcastle-region/over-100000/
2239	https://campervans.vercel.app/listings/new-south-wales-state/central-coast-region/over-100000/
2240	https://campervans.vercel.app/listings/new-south-wales-state/hunter-region/over-100000/
2241	https://campervans.vercel.app/listings/new-south-wales-state/illawarra-region/over-100000/
2242	https://campervans.vercel.app/listings/new-south-wales-state/mid-north-coast-region/over-100000/
2243	https://campervans.vercel.app/listings/new-south-wales-state/coffs-harbour-region/over-100000/
2244	https://campervans.vercel.app/listings/new-south-wales-state/richmond-tweed-region/over-100000/
2245	https://campervans.vercel.app/listings/new-south-wales-state/central-west-region/over-100000/
2246	https://campervans.vercel.app/listings/new-south-wales-state/riverina-region/over-100000/
2247	https://campervans.vercel.app/listings/queensland-state/brisbane-region/over-100000/
2248	https://campervans.vercel.app/listings/queensland-state/gold-coast-region/over-100000/
2249	https://campervans.vercel.app/listings/queensland-state/sunshine-coast-region/over-100000/
2250	https://campervans.vercel.app/listings/queensland-state/cairns-region/over-100000/
2251	https://campervans.vercel.app/listings/queensland-state/townsville-region/over-100000/
2252	https://campervans.vercel.app/listings/queensland-state/toowoomba-region/over-100000/
2253	https://campervans.vercel.app/listings/queensland-state/wide-bay-region/over-100000/
2254	https://campervans.vercel.app/listings/queensland-state/mackay-isaac-whitsunday-region/over-100000/
2255	https://campervans.vercel.app/listings/queensland-state/central-queensland-region/over-100000/
2256	https://campervans.vercel.app/listings/victoria-state/melbourne-region/over-100000/
2257	https://campervans.vercel.app/listings/victoria-state/geelong-region/over-100000/
2258	https://campervans.vercel.app/listings/victoria-state/ballarat-region/over-100000/
2259	https://campervans.vercel.app/listings/victoria-state/bendigo-region/over-100000/
2260	https://campervans.vercel.app/listings/victoria-state/mornington-peninsula-region/over-100000/
2261	https://campervans.vercel.app/listings/victoria-state/latrobe-gippsland-region/over-100000/
2262	https://campervans.vercel.app/listings/victoria-state/hume-region/over-100000/
2263	https://campervans.vercel.app/listings/victoria-state/shepparton-region/over-100000/
2264	https://campervans.vercel.app/listings/victoria-state/warrnambool-and-south-west-region/over-100000/
2265	https://campervans.vercel.app/listings/south-australia-state/adelaide-region/over-100000/
2266	https://campervans.vercel.app/listings/south-australia-state/barossa-yorke-mid-north-region/over-100000/
2267	https://campervans.vercel.app/listings/south-australia-state/south-australia-south-east-region/over-100000/
2268	https://campervans.vercel.app/listings/tasmania-state/hobart-region/over-100000/
2269	https://campervans.vercel.app/listings/tasmania-state/launceston-region/over-100000/
2270	https://campervans.vercel.app/listings/tasmania-state/north-west-region/over-100000/
2271	https://campervans.vercel.app/listings/western-australia-state/perth-region/over-100000/
2272	https://campervans.vercel.app/listings/western-australia-state/bunbury-region/over-100000/
2273	https://campervans.vercel.app/listings/western-australia-state/mandurah-region/over-100000/
2274	https://campervans.vercel.app/listings/western-australia-state/western-australia-wheat-belt-region/over-100000/
2275	https://campervans.vercel.app/listings/northern-territory-state/darwin-region/over-100000/
2276	https://campervans.vercel.app/listings/off-road-category/over-150000/
2277	https://campervans.vercel.app/listings/hybrid-category/over-150000/
2278	https://campervans.vercel.app/listings/pop-top-category/over-150000/
2279	https://campervans.vercel.app/listings/luxury-category/over-150000/
2280	https://campervans.vercel.app/listings/family-category/over-150000/
2281	https://campervans.vercel.app/listings/touring-category/over-150000/
2282	https://campervans.vercel.app/listings/australian-capital-territory-state/over-150000/
2283	https://campervans.vercel.app/listings/new-south-wales-state/over-150000/
2284	https://campervans.vercel.app/listings/northern-territory-state/over-150000/
2285	https://campervans.vercel.app/listings/queensland-state/over-150000/
2286	https://campervans.vercel.app/listings/south-australia-state/over-150000/
2287	https://campervans.vercel.app/listings/tasmania-state/over-150000/
2288	https://campervans.vercel.app/listings/victoria-state/over-150000/
2289	https://campervans.vercel.app/listings/western-australia-state/over-150000/
2290	https://campervans.vercel.app/listings/australian-capital-territory-state/australian-capital-territory-region/over-150000/
2291	https://campervans.vercel.app/listings/new-south-wales-state/sydney-region/over-150000/
2292	https://campervans.vercel.app/listings/new-south-wales-state/newcastle-region/over-150000/
2293	https://campervans.vercel.app/listings/new-south-wales-state/central-coast-region/over-150000/
2294	https://campervans.vercel.app/listings/new-south-wales-state/hunter-region/over-150000/
2295	https://campervans.vercel.app/listings/new-south-wales-state/illawarra-region/over-150000/
2296	https://campervans.vercel.app/listings/new-south-wales-state/mid-north-coast-region/over-150000/
2297	https://campervans.vercel.app/listings/new-south-wales-state/coffs-harbour-region/over-150000/
2298	https://campervans.vercel.app/listings/new-south-wales-state/richmond-tweed-region/over-150000/
2299	https://campervans.vercel.app/listings/new-south-wales-state/central-west-region/over-150000/
2300	https://campervans.vercel.app/listings/new-south-wales-state/riverina-region/over-150000/
2301	https://campervans.vercel.app/listings/queensland-state/brisbane-region/over-150000/
2302	https://campervans.vercel.app/listings/queensland-state/gold-coast-region/over-150000/
2303	https://campervans.vercel.app/listings/queensland-state/sunshine-coast-region/over-150000/
2304	https://campervans.vercel.app/listings/queensland-state/cairns-region/over-150000/
2305	https://campervans.vercel.app/listings/queensland-state/townsville-region/over-150000/
2306	https://campervans.vercel.app/listings/queensland-state/toowoomba-region/over-150000/
2307	https://campervans.vercel.app/listings/queensland-state/wide-bay-region/over-150000/
2308	https://campervans.vercel.app/listings/queensland-state/mackay-isaac-whitsunday-region/over-150000/
2309	https://campervans.vercel.app/listings/queensland-state/central-queensland-region/over-150000/
2310	https://campervans.vercel.app/listings/victoria-state/melbourne-region/over-150000/
2311	https://campervans.vercel.app/listings/victoria-state/geelong-region/over-150000/
2312	https://campervans.vercel.app/listings/victoria-state/ballarat-region/over-150000/
2313	https://campervans.vercel.app/listings/victoria-state/bendigo-region/over-150000/
2314	https://campervans.vercel.app/listings/victoria-state/mornington-peninsula-region/over-150000/
2315	https://campervans.vercel.app/listings/victoria-state/latrobe-gippsland-region/over-150000/
2316	https://campervans.vercel.app/listings/victoria-state/hume-region/over-150000/
2317	https://campervans.vercel.app/listings/victoria-state/shepparton-region/over-150000/
2318	https://campervans.vercel.app/listings/victoria-state/warrnambool-and-south-west-region/over-150000/
2319	https://campervans.vercel.app/listings/south-australia-state/adelaide-region/over-150000/
2320	https://campervans.vercel.app/listings/south-australia-state/barossa-yorke-mid-north-region/over-150000/
2321	https://campervans.vercel.app/listings/south-australia-state/south-australia-south-east-region/over-150000/
2322	https://campervans.vercel.app/listings/tasmania-state/hobart-region/over-150000/
2323	https://campervans.vercel.app/listings/tasmania-state/launceston-region/over-150000/
2324	https://campervans.vercel.app/listings/tasmania-state/north-west-region/over-150000/
2325	https://campervans.vercel.app/listings/western-australia-state/perth-region/over-150000/
2326	https://campervans.vercel.app/listings/western-australia-state/bunbury-region/over-150000/
2327	https://campervans.vercel.app/listings/western-australia-state/mandurah-region/over-150000/
2328	https://campervans.vercel.app/listings/western-australia-state/western-australia-wheat-belt-region/over-150000/
2329	https://campervans.vercel.app/listings/northern-territory-state/darwin-region/over-150000/
2330	https://campervans.vercel.app/listings/off-road-category/over-200000/
2331	https://campervans.vercel.app/listings/hybrid-category/over-200000/
2332	https://campervans.vercel.app/listings/pop-top-category/over-200000/
2333	https://campervans.vercel.app/listings/luxury-category/over-200000/
2334	https://campervans.vercel.app/listings/family-category/over-200000/
2335	https://campervans.vercel.app/listings/touring-category/over-200000/
2336	https://campervans.vercel.app/listings/australian-capital-territory-state/over-200000/
2337	https://campervans.vercel.app/listings/new-south-wales-state/over-200000/
2338	https://campervans.vercel.app/listings/northern-territory-state/over-200000/
2339	https://campervans.vercel.app/listings/queensland-state/over-200000/
2340	https://campervans.vercel.app/listings/south-australia-state/over-200000/
2341	https://campervans.vercel.app/listings/tasmania-state/over-200000/
2342	https://campervans.vercel.app/listings/victoria-state/over-200000/
2343	https://campervans.vercel.app/listings/western-australia-state/over-200000/
2344	https://campervans.vercel.app/listings/australian-capital-territory-state/australian-capital-territory-region/over-200000/
2345	https://campervans.vercel.app/listings/new-south-wales-state/sydney-region/over-200000/
2346	https://campervans.vercel.app/listings/new-south-wales-state/newcastle-region/over-200000/
2347	https://campervans.vercel.app/listings/new-south-wales-state/central-coast-region/over-200000/
2348	https://campervans.vercel.app/listings/new-south-wales-state/hunter-region/over-200000/
2349	https://campervans.vercel.app/listings/new-south-wales-state/illawarra-region/over-200000/
2350	https://campervans.vercel.app/listings/new-south-wales-state/mid-north-coast-region/over-200000/
2351	https://campervans.vercel.app/listings/new-south-wales-state/coffs-harbour-region/over-200000/
2352	https://campervans.vercel.app/listings/new-south-wales-state/richmond-tweed-region/over-200000/
2353	https://campervans.vercel.app/listings/new-south-wales-state/central-west-region/over-200000/
2354	https://campervans.vercel.app/listings/new-south-wales-state/riverina-region/over-200000/
2355	https://campervans.vercel.app/listings/queensland-state/brisbane-region/over-200000/
2356	https://campervans.vercel.app/listings/queensland-state/gold-coast-region/over-200000/
2357	https://campervans.vercel.app/listings/queensland-state/sunshine-coast-region/over-200000/
2358	https://campervans.vercel.app/listings/queensland-state/cairns-region/over-200000/
2359	https://campervans.vercel.app/listings/queensland-state/townsville-region/over-200000/
2360	https://campervans.vercel.app/listings/queensland-state/toowoomba-region/over-200000/
2361	https://campervans.vercel.app/listings/queensland-state/wide-bay-region/over-200000/
2362	https://campervans.vercel.app/listings/queensland-state/mackay-isaac-whitsunday-region/over-200000/
2363	https://campervans.vercel.app/listings/queensland-state/central-queensland-region/over-200000/
2364	https://campervans.vercel.app/listings/victoria-state/melbourne-region/over-200000/
2365	https://campervans.vercel.app/listings/victoria-state/geelong-region/over-200000/
2366	https://campervans.vercel.app/listings/victoria-state/ballarat-region/over-200000/
2367	https://campervans.vercel.app/listings/victoria-state/bendigo-region/over-200000/
2368	https://campervans.vercel.app/listings/victoria-state/mornington-peninsula-region/over-200000/
2369	https://campervans.vercel.app/listings/victoria-state/latrobe-gippsland-region/over-200000/
2370	https://campervans.vercel.app/listings/victoria-state/hume-region/over-200000/
2371	https://campervans.vercel.app/listings/victoria-state/shepparton-region/over-200000/
2372	https://campervans.vercel.app/listings/victoria-state/warrnambool-and-south-west-region/over-200000/
2373	https://campervans.vercel.app/listings/south-australia-state/adelaide-region/over-200000/
2374	https://campervans.vercel.app/listings/south-australia-state/barossa-yorke-mid-north-region/over-200000/
2375	https://campervans.vercel.app/listings/south-australia-state/south-australia-south-east-region/over-200000/
2376	https://campervans.vercel.app/listings/tasmania-state/hobart-region/over-200000/
2377	https://campervans.vercel.app/listings/tasmania-state/launceston-region/over-200000/
2378	https://campervans.vercel.app/listings/tasmania-state/north-west-region/over-200000/
2379	https://campervans.vercel.app/listings/western-australia-state/perth-region/over-200000/
2380	https://campervans.vercel.app/listings/western-australia-state/bunbury-region/over-200000/
2381	https://campervans.vercel.app/listings/western-australia-state/mandurah-region/over-200000/
2382	https://campervans.vercel.app/listings/western-australia-state/western-australia-wheat-belt-region/over-200000/
2383	https://campervans.vercel.app/listings/northern-territory-state/darwin-region/over-200000/
2384	https://campervans.vercel.app/listings/off-road-category/under-30000/
2385	https://campervans.vercel.app/listings/hybrid-category/under-30000/
2386	https://campervans.vercel.app/listings/pop-top-category/under-30000/
2387	https://campervans.vercel.app/listings/luxury-category/under-30000/
2388	https://campervans.vercel.app/listings/family-category/under-30000/
2389	https://campervans.vercel.app/listings/touring-category/under-30000/
2390	https://campervans.vercel.app/listings/australian-capital-territory-state/under-30000/
2391	https://campervans.vercel.app/listings/new-south-wales-state/under-30000/
2392	https://campervans.vercel.app/listings/northern-territory-state/under-30000/
2393	https://campervans.vercel.app/listings/queensland-state/under-30000/
2394	https://campervans.vercel.app/listings/south-australia-state/under-30000/
2395	https://campervans.vercel.app/listings/tasmania-state/under-30000/
2396	https://campervans.vercel.app/listings/victoria-state/under-30000/
2397	https://campervans.vercel.app/listings/western-australia-state/under-30000/
2398	https://campervans.vercel.app/listings/australian-capital-territory-state/australian-capital-territory-region/under-30000/
2399	https://campervans.vercel.app/listings/new-south-wales-state/sydney-region/under-30000/
2400	https://campervans.vercel.app/listings/new-south-wales-state/newcastle-region/under-30000/
2401	https://campervans.vercel.app/listings/new-south-wales-state/central-coast-region/under-30000/
2402	https://campervans.vercel.app/listings/new-south-wales-state/hunter-region/under-30000/
2403	https://campervans.vercel.app/listings/new-south-wales-state/illawarra-region/under-30000/
2404	https://campervans.vercel.app/listings/new-south-wales-state/mid-north-coast-region/under-30000/
2405	https://campervans.vercel.app/listings/new-south-wales-state/coffs-harbour-region/under-30000/
2406	https://campervans.vercel.app/listings/new-south-wales-state/richmond-tweed-region/under-30000/
2407	https://campervans.vercel.app/listings/new-south-wales-state/central-west-region/under-30000/
2408	https://campervans.vercel.app/listings/new-south-wales-state/riverina-region/under-30000/
2409	https://campervans.vercel.app/listings/queensland-state/brisbane-region/under-30000/
2410	https://campervans.vercel.app/listings/queensland-state/gold-coast-region/under-30000/
2411	https://campervans.vercel.app/listings/queensland-state/sunshine-coast-region/under-30000/
2412	https://campervans.vercel.app/listings/queensland-state/cairns-region/under-30000/
2413	https://campervans.vercel.app/listings/queensland-state/townsville-region/under-30000/
2414	https://campervans.vercel.app/listings/queensland-state/toowoomba-region/under-30000/
2415	https://campervans.vercel.app/listings/queensland-state/wide-bay-region/under-30000/
2416	https://campervans.vercel.app/listings/queensland-state/mackay-isaac-whitsunday-region/under-30000/
2417	https://campervans.vercel.app/listings/queensland-state/central-queensland-region/under-30000/
2418	https://campervans.vercel.app/listings/victoria-state/melbourne-region/under-30000/
2419	https://campervans.vercel.app/listings/victoria-state/geelong-region/under-30000/
2420	https://campervans.vercel.app/listings/victoria-state/ballarat-region/under-30000/
2421	https://campervans.vercel.app/listings/victoria-state/bendigo-region/under-30000/
2422	https://campervans.vercel.app/listings/victoria-state/mornington-peninsula-region/under-30000/
2423	https://campervans.vercel.app/listings/victoria-state/latrobe-gippsland-region/under-30000/
2424	https://campervans.vercel.app/listings/victoria-state/hume-region/under-30000/
2425	https://campervans.vercel.app/listings/victoria-state/shepparton-region/under-30000/
2426	https://campervans.vercel.app/listings/victoria-state/warrnambool-and-south-west-region/under-30000/
2427	https://campervans.vercel.app/listings/south-australia-state/adelaide-region/under-30000/
2428	https://campervans.vercel.app/listings/south-australia-state/barossa-yorke-mid-north-region/under-30000/
2429	https://campervans.vercel.app/listings/south-australia-state/south-australia-south-east-region/under-30000/
2430	https://campervans.vercel.app/listings/tasmania-state/hobart-region/under-30000/
2431	https://campervans.vercel.app/listings/tasmania-state/launceston-region/under-30000/
2432	https://campervans.vercel.app/listings/tasmania-state/north-west-region/under-30000/
2433	https://campervans.vercel.app/listings/western-australia-state/perth-region/under-30000/
2434	https://campervans.vercel.app/listings/western-australia-state/bunbury-region/under-30000/
2435	https://campervans.vercel.app/listings/western-australia-state/mandurah-region/under-30000/
2436	https://campervans.vercel.app/listings/western-australia-state/western-australia-wheat-belt-region/under-30000/
2437	https://campervans.vercel.app/listings/northern-territory-state/darwin-region/under-30000/
2438	https://campervans.vercel.app/listings/off-road-category/under-40000/
2439	https://campervans.vercel.app/listings/hybrid-category/under-40000/
2440	https://campervans.vercel.app/listings/pop-top-category/under-40000/
2441	https://campervans.vercel.app/listings/luxury-category/under-40000/
2442	https://campervans.vercel.app/listings/family-category/under-40000/
2443	https://campervans.vercel.app/listings/touring-category/under-40000/
2444	https://campervans.vercel.app/listings/australian-capital-territory-state/under-40000/
2445	https://campervans.vercel.app/listings/new-south-wales-state/under-40000/
2446	https://campervans.vercel.app/listings/northern-territory-state/under-40000/
2447	https://campervans.vercel.app/listings/queensland-state/under-40000/
2448	https://campervans.vercel.app/listings/south-australia-state/under-40000/
2449	https://campervans.vercel.app/listings/tasmania-state/under-40000/
2450	https://campervans.vercel.app/listings/victoria-state/under-40000/
2451	https://campervans.vercel.app/listings/western-australia-state/under-40000/
2452	https://campervans.vercel.app/listings/australian-capital-territory-state/australian-capital-territory-region/under-40000/
2453	https://campervans.vercel.app/listings/new-south-wales-state/sydney-region/under-40000/
2454	https://campervans.vercel.app/listings/new-south-wales-state/newcastle-region/under-40000/
2455	https://campervans.vercel.app/listings/new-south-wales-state/central-coast-region/under-40000/
2456	https://campervans.vercel.app/listings/new-south-wales-state/hunter-region/under-40000/
2457	https://campervans.vercel.app/listings/new-south-wales-state/illawarra-region/under-40000/
2458	https://campervans.vercel.app/listings/new-south-wales-state/mid-north-coast-region/under-40000/
2459	https://campervans.vercel.app/listings/new-south-wales-state/coffs-harbour-region/under-40000/
2460	https://campervans.vercel.app/listings/new-south-wales-state/richmond-tweed-region/under-40000/
2461	https://campervans.vercel.app/listings/new-south-wales-state/central-west-region/under-40000/
2462	https://campervans.vercel.app/listings/new-south-wales-state/riverina-region/under-40000/
2463	https://campervans.vercel.app/listings/queensland-state/brisbane-region/under-40000/
2464	https://campervans.vercel.app/listings/queensland-state/gold-coast-region/under-40000/
2465	https://campervans.vercel.app/listings/queensland-state/sunshine-coast-region/under-40000/
2466	https://campervans.vercel.app/listings/queensland-state/cairns-region/under-40000/
2467	https://campervans.vercel.app/listings/queensland-state/townsville-region/under-40000/
2468	https://campervans.vercel.app/listings/queensland-state/toowoomba-region/under-40000/
2469	https://campervans.vercel.app/listings/queensland-state/wide-bay-region/under-40000/
2470	https://campervans.vercel.app/listings/queensland-state/mackay-isaac-whitsunday-region/under-40000/
2471	https://campervans.vercel.app/listings/queensland-state/central-queensland-region/under-40000/
2472	https://campervans.vercel.app/listings/victoria-state/melbourne-region/under-40000/
2473	https://campervans.vercel.app/listings/victoria-state/geelong-region/under-40000/
2474	https://campervans.vercel.app/listings/victoria-state/ballarat-region/under-40000/
2475	https://campervans.vercel.app/listings/victoria-state/bendigo-region/under-40000/
2476	https://campervans.vercel.app/listings/victoria-state/mornington-peninsula-region/under-40000/
2477	https://campervans.vercel.app/listings/victoria-state/latrobe-gippsland-region/under-40000/
2478	https://campervans.vercel.app/listings/victoria-state/hume-region/under-40000/
2479	https://campervans.vercel.app/listings/victoria-state/shepparton-region/under-40000/
2480	https://campervans.vercel.app/listings/victoria-state/warrnambool-and-south-west-region/under-40000/
2481	https://campervans.vercel.app/listings/south-australia-state/adelaide-region/under-40000/
2482	https://campervans.vercel.app/listings/south-australia-state/barossa-yorke-mid-north-region/under-40000/
2483	https://campervans.vercel.app/listings/south-australia-state/south-australia-south-east-region/under-40000/
2484	https://campervans.vercel.app/listings/tasmania-state/hobart-region/under-40000/
2485	https://campervans.vercel.app/listings/tasmania-state/launceston-region/under-40000/
2486	https://campervans.vercel.app/listings/tasmania-state/north-west-region/under-40000/
2487	https://campervans.vercel.app/listings/western-australia-state/perth-region/under-40000/
2488	https://campervans.vercel.app/listings/western-australia-state/bunbury-region/under-40000/
2489	https://campervans.vercel.app/listings/western-australia-state/mandurah-region/under-40000/
2490	https://campervans.vercel.app/listings/western-australia-state/western-australia-wheat-belt-region/under-40000/
2491	https://campervans.vercel.app/listings/northern-territory-state/darwin-region/under-40000/
2492	https://campervans.vercel.app/listings/off-road-category/under-50000/
2493	https://campervans.vercel.app/listings/hybrid-category/under-50000/
2494	https://campervans.vercel.app/listings/pop-top-category/under-50000/
2495	https://campervans.vercel.app/listings/luxury-category/under-50000/
2496	https://campervans.vercel.app/listings/family-category/under-50000/
2497	https://campervans.vercel.app/listings/touring-category/under-50000/
2498	https://campervans.vercel.app/listings/australian-capital-territory-state/under-50000/
2499	https://campervans.vercel.app/listings/new-south-wales-state/under-50000/
2500	https://campervans.vercel.app/listings/northern-territory-state/under-50000/
2501	https://campervans.vercel.app/listings/queensland-state/under-50000/
2502	https://campervans.vercel.app/listings/south-australia-state/under-50000/
2503	https://campervans.vercel.app/listings/tasmania-state/under-50000/
2504	https://campervans.vercel.app/listings/victoria-state/under-50000/
2505	https://campervans.vercel.app/listings/western-australia-state/under-50000/
2506	https://campervans.vercel.app/listings/australian-capital-territory-state/australian-capital-territory-region/under-50000/
2507	https://campervans.vercel.app/listings/new-south-wales-state/sydney-region/under-50000/
2508	https://campervans.vercel.app/listings/new-south-wales-state/newcastle-region/under-50000/
2509	https://campervans.vercel.app/listings/new-south-wales-state/central-coast-region/under-50000/
2510	https://campervans.vercel.app/listings/new-south-wales-state/hunter-region/under-50000/
2511	https://campervans.vercel.app/listings/new-south-wales-state/illawarra-region/under-50000/
2512	https://campervans.vercel.app/listings/new-south-wales-state/mid-north-coast-region/under-50000/
2513	https://campervans.vercel.app/listings/new-south-wales-state/coffs-harbour-region/under-50000/
2514	https://campervans.vercel.app/listings/new-south-wales-state/richmond-tweed-region/under-50000/
2515	https://campervans.vercel.app/listings/new-south-wales-state/central-west-region/under-50000/
2516	https://campervans.vercel.app/listings/new-south-wales-state/riverina-region/under-50000/
2517	https://campervans.vercel.app/listings/queensland-state/brisbane-region/under-50000/
2518	https://campervans.vercel.app/listings/queensland-state/gold-coast-region/under-50000/
2519	https://campervans.vercel.app/listings/queensland-state/sunshine-coast-region/under-50000/
2520	https://campervans.vercel.app/listings/queensland-state/cairns-region/under-50000/
2521	https://campervans.vercel.app/listings/queensland-state/townsville-region/under-50000/
2522	https://campervans.vercel.app/listings/queensland-state/toowoomba-region/under-50000/
2523	https://campervans.vercel.app/listings/queensland-state/wide-bay-region/under-50000/
2524	https://campervans.vercel.app/listings/queensland-state/mackay-isaac-whitsunday-region/under-50000/
2525	https://campervans.vercel.app/listings/queensland-state/central-queensland-region/under-50000/
2526	https://campervans.vercel.app/listings/victoria-state/melbourne-region/under-50000/
2527	https://campervans.vercel.app/listings/victoria-state/geelong-region/under-50000/
2528	https://campervans.vercel.app/listings/victoria-state/ballarat-region/under-50000/
2529	https://campervans.vercel.app/listings/victoria-state/bendigo-region/under-50000/
2530	https://campervans.vercel.app/listings/victoria-state/mornington-peninsula-region/under-50000/
2531	https://campervans.vercel.app/listings/victoria-state/latrobe-gippsland-region/under-50000/
2532	https://campervans.vercel.app/listings/victoria-state/hume-region/under-50000/
2533	https://campervans.vercel.app/listings/victoria-state/shepparton-region/under-50000/
2534	https://campervans.vercel.app/listings/victoria-state/warrnambool-and-south-west-region/under-50000/
2535	https://campervans.vercel.app/listings/south-australia-state/adelaide-region/under-50000/
2536	https://campervans.vercel.app/listings/south-australia-state/barossa-yorke-mid-north-region/under-50000/
2537	https://campervans.vercel.app/listings/south-australia-state/south-australia-south-east-region/under-50000/
2538	https://campervans.vercel.app/listings/tasmania-state/hobart-region/under-50000/
2539	https://campervans.vercel.app/listings/tasmania-state/launceston-region/under-50000/
2540	https://campervans.vercel.app/listings/tasmania-state/north-west-region/under-50000/
2541	https://campervans.vercel.app/listings/western-australia-state/perth-region/under-50000/
2542	https://campervans.vercel.app/listings/western-australia-state/bunbury-region/under-50000/
2543	https://campervans.vercel.app/listings/western-australia-state/mandurah-region/under-50000/
2544	https://campervans.vercel.app/listings/western-australia-state/western-australia-wheat-belt-region/under-50000/
2545	https://campervans.vercel.app/listings/northern-territory-state/darwin-region/under-50000/
2546	https://campervans.vercel.app/listings/off-road-category/under-60000/
2547	https://campervans.vercel.app/listings/hybrid-category/under-60000/
2548	https://campervans.vercel.app/listings/pop-top-category/under-60000/
2549	https://campervans.vercel.app/listings/luxury-category/under-60000/
2550	https://campervans.vercel.app/listings/family-category/under-60000/
2551	https://campervans.vercel.app/listings/touring-category/under-60000/
2552	https://campervans.vercel.app/listings/australian-capital-territory-state/under-60000/
2553	https://campervans.vercel.app/listings/new-south-wales-state/under-60000/
2554	https://campervans.vercel.app/listings/northern-territory-state/under-60000/
2555	https://campervans.vercel.app/listings/queensland-state/under-60000/
2556	https://campervans.vercel.app/listings/south-australia-state/under-60000/
2557	https://campervans.vercel.app/listings/tasmania-state/under-60000/
2558	https://campervans.vercel.app/listings/victoria-state/under-60000/
2559	https://campervans.vercel.app/listings/western-australia-state/under-60000/
2560	https://campervans.vercel.app/listings/australian-capital-territory-state/australian-capital-territory-region/under-60000/
2561	https://campervans.vercel.app/listings/new-south-wales-state/sydney-region/under-60000/
2562	https://campervans.vercel.app/listings/new-south-wales-state/newcastle-region/under-60000/
2563	https://campervans.vercel.app/listings/new-south-wales-state/central-coast-region/under-60000/
2564	https://campervans.vercel.app/listings/new-south-wales-state/hunter-region/under-60000/
2565	https://campervans.vercel.app/listings/new-south-wales-state/illawarra-region/under-60000/
2566	https://campervans.vercel.app/listings/new-south-wales-state/mid-north-coast-region/under-60000/
2567	https://campervans.vercel.app/listings/new-south-wales-state/coffs-harbour-region/under-60000/
2568	https://campervans.vercel.app/listings/new-south-wales-state/richmond-tweed-region/under-60000/
2569	https://campervans.vercel.app/listings/new-south-wales-state/central-west-region/under-60000/
2570	https://campervans.vercel.app/listings/new-south-wales-state/riverina-region/under-60000/
2571	https://campervans.vercel.app/listings/queensland-state/brisbane-region/under-60000/
2572	https://campervans.vercel.app/listings/queensland-state/gold-coast-region/under-60000/
2573	https://campervans.vercel.app/listings/queensland-state/sunshine-coast-region/under-60000/
2574	https://campervans.vercel.app/listings/queensland-state/cairns-region/under-60000/
2575	https://campervans.vercel.app/listings/queensland-state/townsville-region/under-60000/
2576	https://campervans.vercel.app/listings/queensland-state/toowoomba-region/under-60000/
2577	https://campervans.vercel.app/listings/queensland-state/wide-bay-region/under-60000/
2578	https://campervans.vercel.app/listings/queensland-state/mackay-isaac-whitsunday-region/under-60000/
2579	https://campervans.vercel.app/listings/queensland-state/central-queensland-region/under-60000/
2580	https://campervans.vercel.app/listings/victoria-state/melbourne-region/under-60000/
2581	https://campervans.vercel.app/listings/victoria-state/geelong-region/under-60000/
2582	https://campervans.vercel.app/listings/victoria-state/ballarat-region/under-60000/
2583	https://campervans.vercel.app/listings/victoria-state/bendigo-region/under-60000/
2584	https://campervans.vercel.app/listings/victoria-state/mornington-peninsula-region/under-60000/
2585	https://campervans.vercel.app/listings/victoria-state/latrobe-gippsland-region/under-60000/
2586	https://campervans.vercel.app/listings/victoria-state/hume-region/under-60000/
2587	https://campervans.vercel.app/listings/victoria-state/shepparton-region/under-60000/
2588	https://campervans.vercel.app/listings/victoria-state/warrnambool-and-south-west-region/under-60000/
2589	https://campervans.vercel.app/listings/south-australia-state/adelaide-region/under-60000/
2590	https://campervans.vercel.app/listings/south-australia-state/barossa-yorke-mid-north-region/under-60000/
2591	https://campervans.vercel.app/listings/south-australia-state/south-australia-south-east-region/under-60000/
2592	https://campervans.vercel.app/listings/tasmania-state/hobart-region/under-60000/
2593	https://campervans.vercel.app/listings/tasmania-state/launceston-region/under-60000/
2594	https://campervans.vercel.app/listings/tasmania-state/north-west-region/under-60000/
2595	https://campervans.vercel.app/listings/western-australia-state/perth-region/under-60000/
2596	https://campervans.vercel.app/listings/western-australia-state/bunbury-region/under-60000/
2597	https://campervans.vercel.app/listings/western-australia-state/mandurah-region/under-60000/
2598	https://campervans.vercel.app/listings/western-australia-state/western-australia-wheat-belt-region/under-60000/
2599	https://campervans.vercel.app/listings/northern-territory-state/darwin-region/under-60000/
2600	https://campervans.vercel.app/listings/off-road-category/under-70000/
2601	https://campervans.vercel.app/listings/hybrid-category/under-70000/
2602	https://campervans.vercel.app/listings/pop-top-category/under-70000/
2603	https://campervans.vercel.app/listings/luxury-category/under-70000/
2604	https://campervans.vercel.app/listings/family-category/under-70000/
2605	https://campervans.vercel.app/listings/touring-category/under-70000/
2606	https://campervans.vercel.app/listings/australian-capital-territory-state/under-70000/
2607	https://campervans.vercel.app/listings/new-south-wales-state/under-70000/
2608	https://campervans.vercel.app/listings/northern-territory-state/under-70000/
2609	https://campervans.vercel.app/listings/queensland-state/under-70000/
2610	https://campervans.vercel.app/listings/south-australia-state/under-70000/
2611	https://campervans.vercel.app/listings/tasmania-state/under-70000/
2612	https://campervans.vercel.app/listings/victoria-state/under-70000/
2613	https://campervans.vercel.app/listings/western-australia-state/under-70000/
2614	https://campervans.vercel.app/listings/australian-capital-territory-state/australian-capital-territory-region/under-70000/
2615	https://campervans.vercel.app/listings/new-south-wales-state/sydney-region/under-70000/
2616	https://campervans.vercel.app/listings/new-south-wales-state/newcastle-region/under-70000/
2617	https://campervans.vercel.app/listings/new-south-wales-state/central-coast-region/under-70000/
2618	https://campervans.vercel.app/listings/new-south-wales-state/hunter-region/under-70000/
2619	https://campervans.vercel.app/listings/new-south-wales-state/illawarra-region/under-70000/
2620	https://campervans.vercel.app/listings/new-south-wales-state/mid-north-coast-region/under-70000/
2621	https://campervans.vercel.app/listings/new-south-wales-state/coffs-harbour-region/under-70000/
2622	https://campervans.vercel.app/listings/new-south-wales-state/richmond-tweed-region/under-70000/
2623	https://campervans.vercel.app/listings/new-south-wales-state/central-west-region/under-70000/
2624	https://campervans.vercel.app/listings/new-south-wales-state/riverina-region/under-70000/
2625	https://campervans.vercel.app/listings/queensland-state/brisbane-region/under-70000/
2626	https://campervans.vercel.app/listings/queensland-state/gold-coast-region/under-70000/
2627	https://campervans.vercel.app/listings/queensland-state/sunshine-coast-region/under-70000/
2628	https://campervans.vercel.app/listings/queensland-state/cairns-region/under-70000/
2629	https://campervans.vercel.app/listings/queensland-state/townsville-region/under-70000/
2630	https://campervans.vercel.app/listings/queensland-state/toowoomba-region/under-70000/
2631	https://campervans.vercel.app/listings/queensland-state/wide-bay-region/under-70000/
2632	https://campervans.vercel.app/listings/queensland-state/mackay-isaac-whitsunday-region/under-70000/
2633	https://campervans.vercel.app/listings/queensland-state/central-queensland-region/under-70000/
2634	https://campervans.vercel.app/listings/victoria-state/melbourne-region/under-70000/
2635	https://campervans.vercel.app/listings/victoria-state/geelong-region/under-70000/
2636	https://campervans.vercel.app/listings/victoria-state/ballarat-region/under-70000/
2637	https://campervans.vercel.app/listings/victoria-state/bendigo-region/under-70000/
2638	https://campervans.vercel.app/listings/victoria-state/mornington-peninsula-region/under-70000/
2639	https://campervans.vercel.app/listings/victoria-state/latrobe-gippsland-region/under-70000/
2640	https://campervans.vercel.app/listings/victoria-state/hume-region/under-70000/
2641	https://campervans.vercel.app/listings/victoria-state/shepparton-region/under-70000/
2642	https://campervans.vercel.app/listings/victoria-state/warrnambool-and-south-west-region/under-70000/
2643	https://campervans.vercel.app/listings/south-australia-state/adelaide-region/under-70000/
2644	https://campervans.vercel.app/listings/south-australia-state/barossa-yorke-mid-north-region/under-70000/
2645	https://campervans.vercel.app/listings/south-australia-state/south-australia-south-east-region/under-70000/
2646	https://campervans.vercel.app/listings/tasmania-state/hobart-region/under-70000/
2647	https://campervans.vercel.app/listings/tasmania-state/launceston-region/under-70000/
2648	https://campervans.vercel.app/listings/tasmania-state/north-west-region/under-70000/
2649	https://campervans.vercel.app/listings/western-australia-state/perth-region/under-70000/
2650	https://campervans.vercel.app/listings/western-australia-state/bunbury-region/under-70000/
2651	https://campervans.vercel.app/listings/western-australia-state/mandurah-region/under-70000/
2652	https://campervans.vercel.app/listings/western-australia-state/western-australia-wheat-belt-region/under-70000/
2653	https://campervans.vercel.app/listings/northern-territory-state/darwin-region/under-70000/
2654	https://campervans.vercel.app/listings/off-road-category/under-80000/
2655	https://campervans.vercel.app/listings/hybrid-category/under-80000/
2656	https://campervans.vercel.app/listings/pop-top-category/under-80000/
2657	https://campervans.vercel.app/listings/luxury-category/under-80000/
2658	https://campervans.vercel.app/listings/family-category/under-80000/
2659	https://campervans.vercel.app/listings/touring-category/under-80000/
2660	https://campervans.vercel.app/listings/australian-capital-territory-state/under-80000/
2661	https://campervans.vercel.app/listings/new-south-wales-state/under-80000/
2662	https://campervans.vercel.app/listings/northern-territory-state/under-80000/
2663	https://campervans.vercel.app/listings/queensland-state/under-80000/
2664	https://campervans.vercel.app/listings/south-australia-state/under-80000/
2665	https://campervans.vercel.app/listings/tasmania-state/under-80000/
2666	https://campervans.vercel.app/listings/victoria-state/under-80000/
2667	https://campervans.vercel.app/listings/western-australia-state/under-80000/
2668	https://campervans.vercel.app/listings/australian-capital-territory-state/australian-capital-territory-region/under-80000/
2669	https://campervans.vercel.app/listings/new-south-wales-state/sydney-region/under-80000/
2670	https://campervans.vercel.app/listings/new-south-wales-state/newcastle-region/under-80000/
2671	https://campervans.vercel.app/listings/new-south-wales-state/central-coast-region/under-80000/
2672	https://campervans.vercel.app/listings/new-south-wales-state/hunter-region/under-80000/
2673	https://campervans.vercel.app/listings/new-south-wales-state/illawarra-region/under-80000/
2674	https://campervans.vercel.app/listings/new-south-wales-state/mid-north-coast-region/under-80000/
2675	https://campervans.vercel.app/listings/new-south-wales-state/coffs-harbour-region/under-80000/
2676	https://campervans.vercel.app/listings/new-south-wales-state/richmond-tweed-region/under-80000/
2677	https://campervans.vercel.app/listings/new-south-wales-state/central-west-region/under-80000/
2678	https://campervans.vercel.app/listings/new-south-wales-state/riverina-region/under-80000/
2679	https://campervans.vercel.app/listings/queensland-state/brisbane-region/under-80000/
2680	https://campervans.vercel.app/listings/queensland-state/gold-coast-region/under-80000/
2681	https://campervans.vercel.app/listings/queensland-state/sunshine-coast-region/under-80000/
2682	https://campervans.vercel.app/listings/queensland-state/cairns-region/under-80000/
2683	https://campervans.vercel.app/listings/queensland-state/townsville-region/under-80000/
2684	https://campervans.vercel.app/listings/queensland-state/toowoomba-region/under-80000/
2685	https://campervans.vercel.app/listings/queensland-state/wide-bay-region/under-80000/
2686	https://campervans.vercel.app/listings/queensland-state/mackay-isaac-whitsunday-region/under-80000/
2687	https://campervans.vercel.app/listings/queensland-state/central-queensland-region/under-80000/
2688	https://campervans.vercel.app/listings/victoria-state/melbourne-region/under-80000/
2689	https://campervans.vercel.app/listings/victoria-state/geelong-region/under-80000/
2690	https://campervans.vercel.app/listings/victoria-state/ballarat-region/under-80000/
2691	https://campervans.vercel.app/listings/victoria-state/bendigo-region/under-80000/
2692	https://campervans.vercel.app/listings/victoria-state/mornington-peninsula-region/under-80000/
2693	https://campervans.vercel.app/listings/victoria-state/latrobe-gippsland-region/under-80000/
2694	https://campervans.vercel.app/listings/victoria-state/hume-region/under-80000/
2695	https://campervans.vercel.app/listings/victoria-state/shepparton-region/under-80000/
2696	https://campervans.vercel.app/listings/victoria-state/warrnambool-and-south-west-region/under-80000/
2697	https://campervans.vercel.app/listings/south-australia-state/adelaide-region/under-80000/
2698	https://campervans.vercel.app/listings/south-australia-state/barossa-yorke-mid-north-region/under-80000/
2699	https://campervans.vercel.app/listings/south-australia-state/south-australia-south-east-region/under-80000/
2700	https://campervans.vercel.app/listings/tasmania-state/hobart-region/under-80000/
2701	https://campervans.vercel.app/listings/tasmania-state/launceston-region/under-80000/
2702	https://campervans.vercel.app/listings/tasmania-state/north-west-region/under-80000/
2703	https://campervans.vercel.app/listings/western-australia-state/perth-region/under-80000/
2704	https://campervans.vercel.app/listings/western-australia-state/bunbury-region/under-80000/
2705	https://campervans.vercel.app/listings/western-australia-state/mandurah-region/under-80000/
2706	https://campervans.vercel.app/listings/western-australia-state/western-australia-wheat-belt-region/under-80000/
2707	https://campervans.vercel.app/listings/northern-territory-state/darwin-region/under-80000/
2708	https://campervans.vercel.app/listings/off-road-category/under-90000/
2709	https://campervans.vercel.app/listings/hybrid-category/under-90000/
2710	https://campervans.vercel.app/listings/pop-top-category/under-90000/
2711	https://campervans.vercel.app/listings/luxury-category/under-90000/
2712	https://campervans.vercel.app/listings/family-category/under-90000/
2713	https://campervans.vercel.app/listings/touring-category/under-90000/
2714	https://campervans.vercel.app/listings/australian-capital-territory-state/under-90000/
2715	https://campervans.vercel.app/listings/new-south-wales-state/under-90000/
2716	https://campervans.vercel.app/listings/northern-territory-state/under-90000/
2717	https://campervans.vercel.app/listings/queensland-state/under-90000/
2718	https://campervans.vercel.app/listings/south-australia-state/under-90000/
2719	https://campervans.vercel.app/listings/tasmania-state/under-90000/
2720	https://campervans.vercel.app/listings/victoria-state/under-90000/
2721	https://campervans.vercel.app/listings/western-australia-state/under-90000/
2722	https://campervans.vercel.app/listings/australian-capital-territory-state/australian-capital-territory-region/under-90000/
2723	https://campervans.vercel.app/listings/new-south-wales-state/sydney-region/under-90000/
2724	https://campervans.vercel.app/listings/new-south-wales-state/newcastle-region/under-90000/
2725	https://campervans.vercel.app/listings/new-south-wales-state/central-coast-region/under-90000/
2726	https://campervans.vercel.app/listings/new-south-wales-state/hunter-region/under-90000/
2727	https://campervans.vercel.app/listings/new-south-wales-state/illawarra-region/under-90000/
2728	https://campervans.vercel.app/listings/new-south-wales-state/mid-north-coast-region/under-90000/
2729	https://campervans.vercel.app/listings/new-south-wales-state/coffs-harbour-region/under-90000/
2730	https://campervans.vercel.app/listings/new-south-wales-state/richmond-tweed-region/under-90000/
2731	https://campervans.vercel.app/listings/new-south-wales-state/central-west-region/under-90000/
2732	https://campervans.vercel.app/listings/new-south-wales-state/riverina-region/under-90000/
2733	https://campervans.vercel.app/listings/queensland-state/brisbane-region/under-90000/
2734	https://campervans.vercel.app/listings/queensland-state/gold-coast-region/under-90000/
2735	https://campervans.vercel.app/listings/queensland-state/sunshine-coast-region/under-90000/
2736	https://campervans.vercel.app/listings/queensland-state/cairns-region/under-90000/
2737	https://campervans.vercel.app/listings/queensland-state/townsville-region/under-90000/
2738	https://campervans.vercel.app/listings/queensland-state/toowoomba-region/under-90000/
2739	https://campervans.vercel.app/listings/queensland-state/wide-bay-region/under-90000/
2740	https://campervans.vercel.app/listings/queensland-state/mackay-isaac-whitsunday-region/under-90000/
2741	https://campervans.vercel.app/listings/queensland-state/central-queensland-region/under-90000/
2742	https://campervans.vercel.app/listings/victoria-state/melbourne-region/under-90000/
2743	https://campervans.vercel.app/listings/victoria-state/geelong-region/under-90000/
2744	https://campervans.vercel.app/listings/victoria-state/ballarat-region/under-90000/
2745	https://campervans.vercel.app/listings/victoria-state/bendigo-region/under-90000/
2746	https://campervans.vercel.app/listings/victoria-state/mornington-peninsula-region/under-90000/
2747	https://campervans.vercel.app/listings/victoria-state/latrobe-gippsland-region/under-90000/
2748	https://campervans.vercel.app/listings/victoria-state/hume-region/under-90000/
2749	https://campervans.vercel.app/listings/victoria-state/shepparton-region/under-90000/
2750	https://campervans.vercel.app/listings/victoria-state/warrnambool-and-south-west-region/under-90000/
2751	https://campervans.vercel.app/listings/south-australia-state/adelaide-region/under-90000/
2752	https://campervans.vercel.app/listings/south-australia-state/barossa-yorke-mid-north-region/under-90000/
2753	https://campervans.vercel.app/listings/south-australia-state/south-australia-south-east-region/under-90000/
2754	https://campervans.vercel.app/listings/tasmania-state/hobart-region/under-90000/
2755	https://campervans.vercel.app/listings/tasmania-state/launceston-region/under-90000/
2756	https://campervans.vercel.app/listings/tasmania-state/north-west-region/under-90000/
2757	https://campervans.vercel.app/listings/western-australia-state/perth-region/under-90000/
2758	https://campervans.vercel.app/listings/western-australia-state/bunbury-region/under-90000/
2759	https://campervans.vercel.app/listings/western-australia-state/mandurah-region/under-90000/
2760	https://campervans.vercel.app/listings/western-australia-state/western-australia-wheat-belt-region/under-90000/
2761	https://campervans.vercel.app/listings/northern-territory-state/darwin-region/under-90000/
2762	https://campervans.vercel.app/listings/off-road-category/under-100000/
2763	https://campervans.vercel.app/listings/hybrid-category/under-100000/
2764	https://campervans.vercel.app/listings/pop-top-category/under-100000/
2765	https://campervans.vercel.app/listings/luxury-category/under-100000/
2766	https://campervans.vercel.app/listings/family-category/under-100000/
2767	https://campervans.vercel.app/listings/touring-category/under-100000/
2768	https://campervans.vercel.app/listings/australian-capital-territory-state/under-100000/
2769	https://campervans.vercel.app/listings/new-south-wales-state/under-100000/
2770	https://campervans.vercel.app/listings/northern-territory-state/under-100000/
2771	https://campervans.vercel.app/listings/queensland-state/under-100000/
2772	https://campervans.vercel.app/listings/south-australia-state/under-100000/
2773	https://campervans.vercel.app/listings/tasmania-state/under-100000/
2774	https://campervans.vercel.app/listings/victoria-state/under-100000/
2775	https://campervans.vercel.app/listings/western-australia-state/under-100000/
2776	https://campervans.vercel.app/listings/australian-capital-territory-state/australian-capital-territory-region/under-100000/
2777	https://campervans.vercel.app/listings/new-south-wales-state/sydney-region/under-100000/
2778	https://campervans.vercel.app/listings/new-south-wales-state/newcastle-region/under-100000/
2779	https://campervans.vercel.app/listings/new-south-wales-state/central-coast-region/under-100000/
2780	https://campervans.vercel.app/listings/new-south-wales-state/hunter-region/under-100000/
2781	https://campervans.vercel.app/listings/new-south-wales-state/illawarra-region/under-100000/
2782	https://campervans.vercel.app/listings/new-south-wales-state/mid-north-coast-region/under-100000/
2783	https://campervans.vercel.app/listings/new-south-wales-state/coffs-harbour-region/under-100000/
2784	https://campervans.vercel.app/listings/new-south-wales-state/richmond-tweed-region/under-100000/
2785	https://campervans.vercel.app/listings/new-south-wales-state/central-west-region/under-100000/
2786	https://campervans.vercel.app/listings/new-south-wales-state/riverina-region/under-100000/
2787	https://campervans.vercel.app/listings/queensland-state/brisbane-region/under-100000/
2788	https://campervans.vercel.app/listings/queensland-state/gold-coast-region/under-100000/
2789	https://campervans.vercel.app/listings/queensland-state/sunshine-coast-region/under-100000/
2790	https://campervans.vercel.app/listings/queensland-state/cairns-region/under-100000/
2791	https://campervans.vercel.app/listings/queensland-state/townsville-region/under-100000/
2792	https://campervans.vercel.app/listings/queensland-state/toowoomba-region/under-100000/
2793	https://campervans.vercel.app/listings/queensland-state/wide-bay-region/under-100000/
2794	https://campervans.vercel.app/listings/queensland-state/mackay-isaac-whitsunday-region/under-100000/
2795	https://campervans.vercel.app/listings/queensland-state/central-queensland-region/under-100000/
2796	https://campervans.vercel.app/listings/victoria-state/melbourne-region/under-100000/
2797	https://campervans.vercel.app/listings/victoria-state/geelong-region/under-100000/
2798	https://campervans.vercel.app/listings/victoria-state/ballarat-region/under-100000/
2799	https://campervans.vercel.app/listings/victoria-state/bendigo-region/under-100000/
2800	https://campervans.vercel.app/listings/victoria-state/mornington-peninsula-region/under-100000/
2801	https://campervans.vercel.app/listings/victoria-state/latrobe-gippsland-region/under-100000/
2802	https://campervans.vercel.app/listings/victoria-state/hume-region/under-100000/
2803	https://campervans.vercel.app/listings/victoria-state/shepparton-region/under-100000/
2804	https://campervans.vercel.app/listings/victoria-state/warrnambool-and-south-west-region/under-100000/
2805	https://campervans.vercel.app/listings/south-australia-state/adelaide-region/under-100000/
2806	https://campervans.vercel.app/listings/south-australia-state/barossa-yorke-mid-north-region/under-100000/
2807	https://campervans.vercel.app/listings/south-australia-state/south-australia-south-east-region/under-100000/
2808	https://campervans.vercel.app/listings/tasmania-state/hobart-region/under-100000/
2809	https://campervans.vercel.app/listings/tasmania-state/launceston-region/under-100000/
2810	https://campervans.vercel.app/listings/tasmania-state/north-west-region/under-100000/
2811	https://campervans.vercel.app/listings/western-australia-state/perth-region/under-100000/
2812	https://campervans.vercel.app/listings/western-australia-state/bunbury-region/under-100000/
2813	https://campervans.vercel.app/listings/western-australia-state/mandurah-region/under-100000/
2814	https://campervans.vercel.app/listings/western-australia-state/western-australia-wheat-belt-region/under-100000/
2815	https://campervans.vercel.app/listings/northern-territory-state/darwin-region/under-100000/
2816	https://campervans.vercel.app/listings/off-road-category/under-125000/
2817	https://campervans.vercel.app/listings/hybrid-category/under-125000/
2818	https://campervans.vercel.app/listings/pop-top-category/under-125000/
2819	https://campervans.vercel.app/listings/luxury-category/under-125000/
2820	https://campervans.vercel.app/listings/family-category/under-125000/
2821	https://campervans.vercel.app/listings/touring-category/under-125000/
2822	https://campervans.vercel.app/listings/australian-capital-territory-state/under-125000/
2823	https://campervans.vercel.app/listings/new-south-wales-state/under-125000/
2824	https://campervans.vercel.app/listings/northern-territory-state/under-125000/
2825	https://campervans.vercel.app/listings/queensland-state/under-125000/
2826	https://campervans.vercel.app/listings/south-australia-state/under-125000/
2827	https://campervans.vercel.app/listings/tasmania-state/under-125000/
2828	https://campervans.vercel.app/listings/victoria-state/under-125000/
2829	https://campervans.vercel.app/listings/western-australia-state/under-125000/
2830	https://campervans.vercel.app/listings/australian-capital-territory-state/australian-capital-territory-region/under-125000/
2831	https://campervans.vercel.app/listings/new-south-wales-state/sydney-region/under-125000/
2832	https://campervans.vercel.app/listings/new-south-wales-state/newcastle-region/under-125000/
2833	https://campervans.vercel.app/listings/new-south-wales-state/central-coast-region/under-125000/
2834	https://campervans.vercel.app/listings/new-south-wales-state/hunter-region/under-125000/
2835	https://campervans.vercel.app/listings/new-south-wales-state/illawarra-region/under-125000/
2836	https://campervans.vercel.app/listings/new-south-wales-state/mid-north-coast-region/under-125000/
2837	https://campervans.vercel.app/listings/new-south-wales-state/coffs-harbour-region/under-125000/
2838	https://campervans.vercel.app/listings/new-south-wales-state/richmond-tweed-region/under-125000/
2839	https://campervans.vercel.app/listings/new-south-wales-state/central-west-region/under-125000/
2840	https://campervans.vercel.app/listings/new-south-wales-state/riverina-region/under-125000/
2841	https://campervans.vercel.app/listings/queensland-state/brisbane-region/under-125000/
2842	https://campervans.vercel.app/listings/queensland-state/gold-coast-region/under-125000/
2843	https://campervans.vercel.app/listings/queensland-state/sunshine-coast-region/under-125000/
2844	https://campervans.vercel.app/listings/queensland-state/cairns-region/under-125000/
2845	https://campervans.vercel.app/listings/queensland-state/townsville-region/under-125000/
2846	https://campervans.vercel.app/listings/queensland-state/toowoomba-region/under-125000/
2847	https://campervans.vercel.app/listings/queensland-state/wide-bay-region/under-125000/
2848	https://campervans.vercel.app/listings/queensland-state/mackay-isaac-whitsunday-region/under-125000/
2849	https://campervans.vercel.app/listings/queensland-state/central-queensland-region/under-125000/
2850	https://campervans.vercel.app/listings/victoria-state/melbourne-region/under-125000/
2851	https://campervans.vercel.app/listings/victoria-state/geelong-region/under-125000/
2852	https://campervans.vercel.app/listings/victoria-state/ballarat-region/under-125000/
2853	https://campervans.vercel.app/listings/victoria-state/bendigo-region/under-125000/
2854	https://campervans.vercel.app/listings/victoria-state/mornington-peninsula-region/under-125000/
2855	https://campervans.vercel.app/listings/victoria-state/latrobe-gippsland-region/under-125000/
2856	https://campervans.vercel.app/listings/victoria-state/hume-region/under-125000/
2857	https://campervans.vercel.app/listings/victoria-state/shepparton-region/under-125000/
2858	https://campervans.vercel.app/listings/victoria-state/warrnambool-and-south-west-region/under-125000/
2859	https://campervans.vercel.app/listings/south-australia-state/adelaide-region/under-125000/
2860	https://campervans.vercel.app/listings/south-australia-state/barossa-yorke-mid-north-region/under-125000/
2861	https://campervans.vercel.app/listings/south-australia-state/south-australia-south-east-region/under-125000/
2862	https://campervans.vercel.app/listings/tasmania-state/hobart-region/under-125000/
2863	https://campervans.vercel.app/listings/tasmania-state/launceston-region/under-125000/
2864	https://campervans.vercel.app/listings/tasmania-state/north-west-region/under-125000/
2865	https://campervans.vercel.app/listings/western-australia-state/perth-region/under-125000/
2866	https://campervans.vercel.app/listings/western-australia-state/bunbury-region/under-125000/
2867	https://campervans.vercel.app/listings/western-australia-state/mandurah-region/under-125000/
2868	https://campervans.vercel.app/listings/western-australia-state/western-australia-wheat-belt-region/under-125000/
2869	https://campervans.vercel.app/listings/northern-territory-state/darwin-region/under-125000/
2870	https://campervans.vercel.app/listings/off-road-category/under-150000/
2871	https://campervans.vercel.app/listings/hybrid-category/under-150000/
2872	https://campervans.vercel.app/listings/pop-top-category/under-150000/
2873	https://campervans.vercel.app/listings/luxury-category/under-150000/
2874	https://campervans.vercel.app/listings/family-category/under-150000/
2875	https://campervans.vercel.app/listings/touring-category/under-150000/
2876	https://campervans.vercel.app/listings/australian-capital-territory-state/under-150000/
2877	https://campervans.vercel.app/listings/new-south-wales-state/under-150000/
2878	https://campervans.vercel.app/listings/northern-territory-state/under-150000/
2879	https://campervans.vercel.app/listings/queensland-state/under-150000/
2880	https://campervans.vercel.app/listings/south-australia-state/under-150000/
2881	https://campervans.vercel.app/listings/tasmania-state/under-150000/
2882	https://campervans.vercel.app/listings/victoria-state/under-150000/
2883	https://campervans.vercel.app/listings/western-australia-state/under-150000/
2884	https://campervans.vercel.app/listings/australian-capital-territory-state/australian-capital-territory-region/under-150000/
2885	https://campervans.vercel.app/listings/new-south-wales-state/sydney-region/under-150000/
2886	https://campervans.vercel.app/listings/new-south-wales-state/newcastle-region/under-150000/
2887	https://campervans.vercel.app/listings/new-south-wales-state/central-coast-region/under-150000/
2888	https://campervans.vercel.app/listings/new-south-wales-state/hunter-region/under-150000/
2889	https://campervans.vercel.app/listings/new-south-wales-state/illawarra-region/under-150000/
2890	https://campervans.vercel.app/listings/new-south-wales-state/mid-north-coast-region/under-150000/
2891	https://campervans.vercel.app/listings/new-south-wales-state/coffs-harbour-region/under-150000/
2892	https://campervans.vercel.app/listings/new-south-wales-state/richmond-tweed-region/under-150000/
2893	https://campervans.vercel.app/listings/new-south-wales-state/central-west-region/under-150000/
2894	https://campervans.vercel.app/listings/new-south-wales-state/riverina-region/under-150000/
2895	https://campervans.vercel.app/listings/queensland-state/brisbane-region/under-150000/
2896	https://campervans.vercel.app/listings/queensland-state/gold-coast-region/under-150000/
2897	https://campervans.vercel.app/listings/queensland-state/sunshine-coast-region/under-150000/
2898	https://campervans.vercel.app/listings/queensland-state/cairns-region/under-150000/
2899	https://campervans.vercel.app/listings/queensland-state/townsville-region/under-150000/
2900	https://campervans.vercel.app/listings/queensland-state/toowoomba-region/under-150000/
2901	https://campervans.vercel.app/listings/queensland-state/wide-bay-region/under-150000/
2902	https://campervans.vercel.app/listings/queensland-state/mackay-isaac-whitsunday-region/under-150000/
2903	https://campervans.vercel.app/listings/queensland-state/central-queensland-region/under-150000/
2904	https://campervans.vercel.app/listings/victoria-state/melbourne-region/under-150000/
2905	https://campervans.vercel.app/listings/victoria-state/geelong-region/under-150000/
2906	https://campervans.vercel.app/listings/victoria-state/ballarat-region/under-150000/
2907	https://campervans.vercel.app/listings/victoria-state/bendigo-region/under-150000/
2908	https://campervans.vercel.app/listings/victoria-state/mornington-peninsula-region/under-150000/
2909	https://campervans.vercel.app/listings/victoria-state/latrobe-gippsland-region/under-150000/
2910	https://campervans.vercel.app/listings/victoria-state/hume-region/under-150000/
2911	https://campervans.vercel.app/listings/victoria-state/shepparton-region/under-150000/
2912	https://campervans.vercel.app/listings/victoria-state/warrnambool-and-south-west-region/under-150000/
2913	https://campervans.vercel.app/listings/south-australia-state/adelaide-region/under-150000/
2914	https://campervans.vercel.app/listings/south-australia-state/barossa-yorke-mid-north-region/under-150000/
2915	https://campervans.vercel.app/listings/south-australia-state/south-australia-south-east-region/under-150000/
2916	https://campervans.vercel.app/listings/tasmania-state/hobart-region/under-150000/
2917	https://campervans.vercel.app/listings/tasmania-state/launceston-region/under-150000/
2918	https://campervans.vercel.app/listings/tasmania-state/north-west-region/under-150000/
2919	https://campervans.vercel.app/listings/western-australia-state/perth-region/under-150000/
2920	https://campervans.vercel.app/listings/western-australia-state/bunbury-region/under-150000/
2921	https://campervans.vercel.app/listings/western-australia-state/mandurah-region/under-150000/
2922	https://campervans.vercel.app/listings/western-australia-state/western-australia-wheat-belt-region/under-150000/
2923	https://campervans.vercel.app/listings/northern-territory-state/darwin-region/under-150000/
2924	https://campervans.vercel.app/listings/off-road-category/between-20000-30000/
2925	https://campervans.vercel.app/listings/hybrid-category/between-20000-30000/
2926	https://campervans.vercel.app/listings/pop-top-category/between-20000-30000/
2927	https://campervans.vercel.app/listings/luxury-category/between-20000-30000/
2928	https://campervans.vercel.app/listings/family-category/between-20000-30000/
2929	https://campervans.vercel.app/listings/touring-category/between-20000-30000/
2930	https://campervans.vercel.app/listings/australian-capital-territory-state/between-20000-30000/
2931	https://campervans.vercel.app/listings/new-south-wales-state/between-20000-30000/
2932	https://campervans.vercel.app/listings/northern-territory-state/between-20000-30000/
2933	https://campervans.vercel.app/listings/queensland-state/between-20000-30000/
2934	https://campervans.vercel.app/listings/south-australia-state/between-20000-30000/
2935	https://campervans.vercel.app/listings/tasmania-state/between-20000-30000/
2936	https://campervans.vercel.app/listings/victoria-state/between-20000-30000/
2937	https://campervans.vercel.app/listings/western-australia-state/between-20000-30000/
2938	https://campervans.vercel.app/listings/australian-capital-territory-state/australian-capital-territory-region/between-20000-30000/
2939	https://campervans.vercel.app/listings/new-south-wales-state/sydney-region/between-20000-30000/
2940	https://campervans.vercel.app/listings/new-south-wales-state/newcastle-region/between-20000-30000/
2941	https://campervans.vercel.app/listings/new-south-wales-state/central-coast-region/between-20000-30000/
2942	https://campervans.vercel.app/listings/new-south-wales-state/hunter-region/between-20000-30000/
2943	https://campervans.vercel.app/listings/new-south-wales-state/illawarra-region/between-20000-30000/
2944	https://campervans.vercel.app/listings/new-south-wales-state/mid-north-coast-region/between-20000-30000/
2945	https://campervans.vercel.app/listings/new-south-wales-state/coffs-harbour-region/between-20000-30000/
2946	https://campervans.vercel.app/listings/new-south-wales-state/richmond-tweed-region/between-20000-30000/
2947	https://campervans.vercel.app/listings/new-south-wales-state/central-west-region/between-20000-30000/
2948	https://campervans.vercel.app/listings/new-south-wales-state/riverina-region/between-20000-30000/
2949	https://campervans.vercel.app/listings/queensland-state/brisbane-region/between-20000-30000/
2950	https://campervans.vercel.app/listings/queensland-state/gold-coast-region/between-20000-30000/
2951	https://campervans.vercel.app/listings/queensland-state/sunshine-coast-region/between-20000-30000/
2952	https://campervans.vercel.app/listings/queensland-state/cairns-region/between-20000-30000/
2953	https://campervans.vercel.app/listings/queensland-state/townsville-region/between-20000-30000/
2954	https://campervans.vercel.app/listings/queensland-state/toowoomba-region/between-20000-30000/
2955	https://campervans.vercel.app/listings/queensland-state/wide-bay-region/between-20000-30000/
2956	https://campervans.vercel.app/listings/queensland-state/mackay-isaac-whitsunday-region/between-20000-30000/
2957	https://campervans.vercel.app/listings/queensland-state/central-queensland-region/between-20000-30000/
2958	https://campervans.vercel.app/listings/victoria-state/melbourne-region/between-20000-30000/
2959	https://campervans.vercel.app/listings/victoria-state/geelong-region/between-20000-30000/
2960	https://campervans.vercel.app/listings/victoria-state/ballarat-region/between-20000-30000/
2961	https://campervans.vercel.app/listings/victoria-state/bendigo-region/between-20000-30000/
2962	https://campervans.vercel.app/listings/victoria-state/mornington-peninsula-region/between-20000-30000/
2963	https://campervans.vercel.app/listings/victoria-state/latrobe-gippsland-region/between-20000-30000/
2964	https://campervans.vercel.app/listings/victoria-state/hume-region/between-20000-30000/
2965	https://campervans.vercel.app/listings/victoria-state/shepparton-region/between-20000-30000/
2966	https://campervans.vercel.app/listings/victoria-state/warrnambool-and-south-west-region/between-20000-30000/
2967	https://campervans.vercel.app/listings/south-australia-state/adelaide-region/between-20000-30000/
2968	https://campervans.vercel.app/listings/south-australia-state/barossa-yorke-mid-north-region/between-20000-30000/
2969	https://campervans.vercel.app/listings/south-australia-state/south-australia-south-east-region/between-20000-30000/
2970	https://campervans.vercel.app/listings/tasmania-state/hobart-region/between-20000-30000/
2971	https://campervans.vercel.app/listings/tasmania-state/launceston-region/between-20000-30000/
2972	https://campervans.vercel.app/listings/tasmania-state/north-west-region/between-20000-30000/
2973	https://campervans.vercel.app/listings/western-australia-state/perth-region/between-20000-30000/
2974	https://campervans.vercel.app/listings/western-australia-state/bunbury-region/between-20000-30000/
2975	https://campervans.vercel.app/listings/western-australia-state/mandurah-region/between-20000-30000/
2976	https://campervans.vercel.app/listings/western-australia-state/western-australia-wheat-belt-region/between-20000-30000/
2977	https://campervans.vercel.app/listings/northern-territory-state/darwin-region/between-20000-30000/
2978	https://campervans.vercel.app/listings/off-road-category/between-30000-40000/
2979	https://campervans.vercel.app/listings/hybrid-category/between-30000-40000/
2980	https://campervans.vercel.app/listings/pop-top-category/between-30000-40000/
2981	https://campervans.vercel.app/listings/luxury-category/between-30000-40000/
2982	https://campervans.vercel.app/listings/family-category/between-30000-40000/
2983	https://campervans.vercel.app/listings/touring-category/between-30000-40000/
2984	https://campervans.vercel.app/listings/australian-capital-territory-state/between-30000-40000/
2985	https://campervans.vercel.app/listings/new-south-wales-state/between-30000-40000/
2986	https://campervans.vercel.app/listings/northern-territory-state/between-30000-40000/
2987	https://campervans.vercel.app/listings/queensland-state/between-30000-40000/
2988	https://campervans.vercel.app/listings/south-australia-state/between-30000-40000/
2989	https://campervans.vercel.app/listings/tasmania-state/between-30000-40000/
2990	https://campervans.vercel.app/listings/victoria-state/between-30000-40000/
2991	https://campervans.vercel.app/listings/western-australia-state/between-30000-40000/
2992	https://campervans.vercel.app/listings/australian-capital-territory-state/australian-capital-territory-region/between-30000-40000/
2993	https://campervans.vercel.app/listings/new-south-wales-state/sydney-region/between-30000-40000/
2994	https://campervans.vercel.app/listings/new-south-wales-state/newcastle-region/between-30000-40000/
2995	https://campervans.vercel.app/listings/new-south-wales-state/central-coast-region/between-30000-40000/
2996	https://campervans.vercel.app/listings/new-south-wales-state/hunter-region/between-30000-40000/
2997	https://campervans.vercel.app/listings/new-south-wales-state/illawarra-region/between-30000-40000/
2998	https://campervans.vercel.app/listings/new-south-wales-state/mid-north-coast-region/between-30000-40000/
2999	https://campervans.vercel.app/listings/new-south-wales-state/coffs-harbour-region/between-30000-40000/
3000	https://campervans.vercel.app/listings/new-south-wales-state/richmond-tweed-region/between-30000-40000/
3001	https://campervans.vercel.app/listings/new-south-wales-state/central-west-region/between-30000-40000/
3002	https://campervans.vercel.app/listings/new-south-wales-state/riverina-region/between-30000-40000/
3003	https://campervans.vercel.app/listings/queensland-state/brisbane-region/between-30000-40000/
3004	https://campervans.vercel.app/listings/queensland-state/gold-coast-region/between-30000-40000/
3005	https://campervans.vercel.app/listings/queensland-state/sunshine-coast-region/between-30000-40000/
3006	https://campervans.vercel.app/listings/queensland-state/cairns-region/between-30000-40000/
3007	https://campervans.vercel.app/listings/queensland-state/townsville-region/between-30000-40000/
3008	https://campervans.vercel.app/listings/queensland-state/toowoomba-region/between-30000-40000/
3009	https://campervans.vercel.app/listings/queensland-state/wide-bay-region/between-30000-40000/
3010	https://campervans.vercel.app/listings/queensland-state/mackay-isaac-whitsunday-region/between-30000-40000/
3011	https://campervans.vercel.app/listings/queensland-state/central-queensland-region/between-30000-40000/
3012	https://campervans.vercel.app/listings/victoria-state/melbourne-region/between-30000-40000/
3013	https://campervans.vercel.app/listings/victoria-state/geelong-region/between-30000-40000/
3014	https://campervans.vercel.app/listings/victoria-state/ballarat-region/between-30000-40000/
3015	https://campervans.vercel.app/listings/victoria-state/bendigo-region/between-30000-40000/
3016	https://campervans.vercel.app/listings/victoria-state/mornington-peninsula-region/between-30000-40000/
3017	https://campervans.vercel.app/listings/victoria-state/latrobe-gippsland-region/between-30000-40000/
3018	https://campervans.vercel.app/listings/victoria-state/hume-region/between-30000-40000/
3019	https://campervans.vercel.app/listings/victoria-state/shepparton-region/between-30000-40000/
3020	https://campervans.vercel.app/listings/victoria-state/warrnambool-and-south-west-region/between-30000-40000/
3021	https://campervans.vercel.app/listings/south-australia-state/adelaide-region/between-30000-40000/
3022	https://campervans.vercel.app/listings/south-australia-state/barossa-yorke-mid-north-region/between-30000-40000/
3023	https://campervans.vercel.app/listings/south-australia-state/south-australia-south-east-region/between-30000-40000/
3024	https://campervans.vercel.app/listings/tasmania-state/hobart-region/between-30000-40000/
3025	https://campervans.vercel.app/listings/tasmania-state/launceston-region/between-30000-40000/
3026	https://campervans.vercel.app/listings/tasmania-state/north-west-region/between-30000-40000/
3027	https://campervans.vercel.app/listings/western-australia-state/perth-region/between-30000-40000/
3028	https://campervans.vercel.app/listings/western-australia-state/bunbury-region/between-30000-40000/
3029	https://campervans.vercel.app/listings/western-australia-state/mandurah-region/between-30000-40000/
3030	https://campervans.vercel.app/listings/western-australia-state/western-australia-wheat-belt-region/between-30000-40000/
3031	https://campervans.vercel.app/listings/northern-territory-state/darwin-region/between-30000-40000/
3032	https://campervans.vercel.app/listings/off-road-category/between-30000-50000/
3033	https://campervans.vercel.app/listings/hybrid-category/between-30000-50000/
3034	https://campervans.vercel.app/listings/pop-top-category/between-30000-50000/
3035	https://campervans.vercel.app/listings/luxury-category/between-30000-50000/
3036	https://campervans.vercel.app/listings/family-category/between-30000-50000/
3037	https://campervans.vercel.app/listings/touring-category/between-30000-50000/
3038	https://campervans.vercel.app/listings/australian-capital-territory-state/between-30000-50000/
3039	https://campervans.vercel.app/listings/new-south-wales-state/between-30000-50000/
3040	https://campervans.vercel.app/listings/northern-territory-state/between-30000-50000/
3041	https://campervans.vercel.app/listings/queensland-state/between-30000-50000/
3042	https://campervans.vercel.app/listings/south-australia-state/between-30000-50000/
3043	https://campervans.vercel.app/listings/tasmania-state/between-30000-50000/
3044	https://campervans.vercel.app/listings/victoria-state/between-30000-50000/
3045	https://campervans.vercel.app/listings/western-australia-state/between-30000-50000/
3046	https://campervans.vercel.app/listings/australian-capital-territory-state/australian-capital-territory-region/between-30000-50000/
3047	https://campervans.vercel.app/listings/new-south-wales-state/sydney-region/between-30000-50000/
3048	https://campervans.vercel.app/listings/new-south-wales-state/newcastle-region/between-30000-50000/
3049	https://campervans.vercel.app/listings/new-south-wales-state/central-coast-region/between-30000-50000/
3050	https://campervans.vercel.app/listings/new-south-wales-state/hunter-region/between-30000-50000/
3051	https://campervans.vercel.app/listings/new-south-wales-state/illawarra-region/between-30000-50000/
3052	https://campervans.vercel.app/listings/new-south-wales-state/mid-north-coast-region/between-30000-50000/
3053	https://campervans.vercel.app/listings/new-south-wales-state/coffs-harbour-region/between-30000-50000/
3054	https://campervans.vercel.app/listings/new-south-wales-state/richmond-tweed-region/between-30000-50000/
3055	https://campervans.vercel.app/listings/new-south-wales-state/central-west-region/between-30000-50000/
3056	https://campervans.vercel.app/listings/new-south-wales-state/riverina-region/between-30000-50000/
3057	https://campervans.vercel.app/listings/queensland-state/brisbane-region/between-30000-50000/
3058	https://campervans.vercel.app/listings/queensland-state/gold-coast-region/between-30000-50000/
3059	https://campervans.vercel.app/listings/queensland-state/sunshine-coast-region/between-30000-50000/
3060	https://campervans.vercel.app/listings/queensland-state/cairns-region/between-30000-50000/
3061	https://campervans.vercel.app/listings/queensland-state/townsville-region/between-30000-50000/
3062	https://campervans.vercel.app/listings/queensland-state/toowoomba-region/between-30000-50000/
3063	https://campervans.vercel.app/listings/queensland-state/wide-bay-region/between-30000-50000/
3064	https://campervans.vercel.app/listings/queensland-state/mackay-isaac-whitsunday-region/between-30000-50000/
3065	https://campervans.vercel.app/listings/queensland-state/central-queensland-region/between-30000-50000/
3066	https://campervans.vercel.app/listings/victoria-state/melbourne-region/between-30000-50000/
3067	https://campervans.vercel.app/listings/victoria-state/geelong-region/between-30000-50000/
3068	https://campervans.vercel.app/listings/victoria-state/ballarat-region/between-30000-50000/
3069	https://campervans.vercel.app/listings/victoria-state/bendigo-region/between-30000-50000/
3070	https://campervans.vercel.app/listings/victoria-state/mornington-peninsula-region/between-30000-50000/
3071	https://campervans.vercel.app/listings/victoria-state/latrobe-gippsland-region/between-30000-50000/
3072	https://campervans.vercel.app/listings/victoria-state/hume-region/between-30000-50000/
3073	https://campervans.vercel.app/listings/victoria-state/shepparton-region/between-30000-50000/
3074	https://campervans.vercel.app/listings/victoria-state/warrnambool-and-south-west-region/between-30000-50000/
3075	https://campervans.vercel.app/listings/south-australia-state/adelaide-region/between-30000-50000/
3076	https://campervans.vercel.app/listings/south-australia-state/barossa-yorke-mid-north-region/between-30000-50000/
3077	https://campervans.vercel.app/listings/south-australia-state/south-australia-south-east-region/between-30000-50000/
3078	https://campervans.vercel.app/listings/tasmania-state/hobart-region/between-30000-50000/
3079	https://campervans.vercel.app/listings/tasmania-state/launceston-region/between-30000-50000/
3080	https://campervans.vercel.app/listings/tasmania-state/north-west-region/between-30000-50000/
3081	https://campervans.vercel.app/listings/western-australia-state/perth-region/between-30000-50000/
3082	https://campervans.vercel.app/listings/western-australia-state/bunbury-region/between-30000-50000/
3083	https://campervans.vercel.app/listings/western-australia-state/mandurah-region/between-30000-50000/
3084	https://campervans.vercel.app/listings/western-australia-state/western-australia-wheat-belt-region/between-30000-50000/
3085	https://campervans.vercel.app/listings/northern-territory-state/darwin-region/between-30000-50000/
3086	https://campervans.vercel.app/listings/off-road-category/between-40000-50000/
3087	https://campervans.vercel.app/listings/hybrid-category/between-40000-50000/
3088	https://campervans.vercel.app/listings/pop-top-category/between-40000-50000/
3089	https://campervans.vercel.app/listings/luxury-category/between-40000-50000/
3090	https://campervans.vercel.app/listings/family-category/between-40000-50000/
3091	https://campervans.vercel.app/listings/touring-category/between-40000-50000/
3092	https://campervans.vercel.app/listings/australian-capital-territory-state/between-40000-50000/
3093	https://campervans.vercel.app/listings/new-south-wales-state/between-40000-50000/
3094	https://campervans.vercel.app/listings/northern-territory-state/between-40000-50000/
3095	https://campervans.vercel.app/listings/queensland-state/between-40000-50000/
3096	https://campervans.vercel.app/listings/south-australia-state/between-40000-50000/
3097	https://campervans.vercel.app/listings/tasmania-state/between-40000-50000/
3098	https://campervans.vercel.app/listings/victoria-state/between-40000-50000/
3099	https://campervans.vercel.app/listings/western-australia-state/between-40000-50000/
3100	https://campervans.vercel.app/listings/australian-capital-territory-state/australian-capital-territory-region/between-40000-50000/
3101	https://campervans.vercel.app/listings/new-south-wales-state/sydney-region/between-40000-50000/
3102	https://campervans.vercel.app/listings/new-south-wales-state/newcastle-region/between-40000-50000/
3103	https://campervans.vercel.app/listings/new-south-wales-state/central-coast-region/between-40000-50000/
3104	https://campervans.vercel.app/listings/new-south-wales-state/hunter-region/between-40000-50000/
3105	https://campervans.vercel.app/listings/new-south-wales-state/illawarra-region/between-40000-50000/
3106	https://campervans.vercel.app/listings/new-south-wales-state/mid-north-coast-region/between-40000-50000/
3107	https://campervans.vercel.app/listings/new-south-wales-state/coffs-harbour-region/between-40000-50000/
3108	https://campervans.vercel.app/listings/new-south-wales-state/richmond-tweed-region/between-40000-50000/
3109	https://campervans.vercel.app/listings/new-south-wales-state/central-west-region/between-40000-50000/
3110	https://campervans.vercel.app/listings/new-south-wales-state/riverina-region/between-40000-50000/
3111	https://campervans.vercel.app/listings/queensland-state/brisbane-region/between-40000-50000/
3112	https://campervans.vercel.app/listings/queensland-state/gold-coast-region/between-40000-50000/
3113	https://campervans.vercel.app/listings/queensland-state/sunshine-coast-region/between-40000-50000/
3114	https://campervans.vercel.app/listings/queensland-state/cairns-region/between-40000-50000/
3115	https://campervans.vercel.app/listings/queensland-state/townsville-region/between-40000-50000/
3116	https://campervans.vercel.app/listings/queensland-state/toowoomba-region/between-40000-50000/
3117	https://campervans.vercel.app/listings/queensland-state/wide-bay-region/between-40000-50000/
3118	https://campervans.vercel.app/listings/queensland-state/mackay-isaac-whitsunday-region/between-40000-50000/
3119	https://campervans.vercel.app/listings/queensland-state/central-queensland-region/between-40000-50000/
3120	https://campervans.vercel.app/listings/victoria-state/melbourne-region/between-40000-50000/
3121	https://campervans.vercel.app/listings/victoria-state/geelong-region/between-40000-50000/
3122	https://campervans.vercel.app/listings/victoria-state/ballarat-region/between-40000-50000/
3123	https://campervans.vercel.app/listings/victoria-state/bendigo-region/between-40000-50000/
3124	https://campervans.vercel.app/listings/victoria-state/mornington-peninsula-region/between-40000-50000/
3125	https://campervans.vercel.app/listings/victoria-state/latrobe-gippsland-region/between-40000-50000/
3126	https://campervans.vercel.app/listings/victoria-state/hume-region/between-40000-50000/
3127	https://campervans.vercel.app/listings/victoria-state/shepparton-region/between-40000-50000/
3128	https://campervans.vercel.app/listings/victoria-state/warrnambool-and-south-west-region/between-40000-50000/
3129	https://campervans.vercel.app/listings/south-australia-state/adelaide-region/between-40000-50000/
3130	https://campervans.vercel.app/listings/south-australia-state/barossa-yorke-mid-north-region/between-40000-50000/
3131	https://campervans.vercel.app/listings/south-australia-state/south-australia-south-east-region/between-40000-50000/
3132	https://campervans.vercel.app/listings/tasmania-state/hobart-region/between-40000-50000/
3133	https://campervans.vercel.app/listings/tasmania-state/launceston-region/between-40000-50000/
3134	https://campervans.vercel.app/listings/tasmania-state/north-west-region/between-40000-50000/
3135	https://campervans.vercel.app/listings/western-australia-state/perth-region/between-40000-50000/
3136	https://campervans.vercel.app/listings/western-australia-state/bunbury-region/between-40000-50000/
3137	https://campervans.vercel.app/listings/western-australia-state/mandurah-region/between-40000-50000/
3138	https://campervans.vercel.app/listings/western-australia-state/western-australia-wheat-belt-region/between-40000-50000/
3139	https://campervans.vercel.app/listings/northern-territory-state/darwin-region/between-40000-50000/
3140	https://campervans.vercel.app/listings/off-road-category/between-50000-60000/
3141	https://campervans.vercel.app/listings/hybrid-category/between-50000-60000/
3142	https://campervans.vercel.app/listings/pop-top-category/between-50000-60000/
3143	https://campervans.vercel.app/listings/luxury-category/between-50000-60000/
3144	https://campervans.vercel.app/listings/family-category/between-50000-60000/
3145	https://campervans.vercel.app/listings/touring-category/between-50000-60000/
3146	https://campervans.vercel.app/listings/australian-capital-territory-state/between-50000-60000/
3147	https://campervans.vercel.app/listings/new-south-wales-state/between-50000-60000/
3148	https://campervans.vercel.app/listings/northern-territory-state/between-50000-60000/
3149	https://campervans.vercel.app/listings/queensland-state/between-50000-60000/
3150	https://campervans.vercel.app/listings/south-australia-state/between-50000-60000/
3151	https://campervans.vercel.app/listings/tasmania-state/between-50000-60000/
3152	https://campervans.vercel.app/listings/victoria-state/between-50000-60000/
3153	https://campervans.vercel.app/listings/western-australia-state/between-50000-60000/
3154	https://campervans.vercel.app/listings/australian-capital-territory-state/australian-capital-territory-region/between-50000-60000/
3155	https://campervans.vercel.app/listings/new-south-wales-state/sydney-region/between-50000-60000/
3156	https://campervans.vercel.app/listings/new-south-wales-state/newcastle-region/between-50000-60000/
3157	https://campervans.vercel.app/listings/new-south-wales-state/central-coast-region/between-50000-60000/
3158	https://campervans.vercel.app/listings/new-south-wales-state/hunter-region/between-50000-60000/
3159	https://campervans.vercel.app/listings/new-south-wales-state/illawarra-region/between-50000-60000/
3160	https://campervans.vercel.app/listings/new-south-wales-state/mid-north-coast-region/between-50000-60000/
3161	https://campervans.vercel.app/listings/new-south-wales-state/coffs-harbour-region/between-50000-60000/
3162	https://campervans.vercel.app/listings/new-south-wales-state/richmond-tweed-region/between-50000-60000/
3163	https://campervans.vercel.app/listings/new-south-wales-state/central-west-region/between-50000-60000/
3164	https://campervans.vercel.app/listings/new-south-wales-state/riverina-region/between-50000-60000/
3165	https://campervans.vercel.app/listings/queensland-state/brisbane-region/between-50000-60000/
3166	https://campervans.vercel.app/listings/queensland-state/gold-coast-region/between-50000-60000/
3167	https://campervans.vercel.app/listings/queensland-state/sunshine-coast-region/between-50000-60000/
3168	https://campervans.vercel.app/listings/queensland-state/cairns-region/between-50000-60000/
3169	https://campervans.vercel.app/listings/queensland-state/townsville-region/between-50000-60000/
3170	https://campervans.vercel.app/listings/queensland-state/toowoomba-region/between-50000-60000/
3171	https://campervans.vercel.app/listings/queensland-state/wide-bay-region/between-50000-60000/
3172	https://campervans.vercel.app/listings/queensland-state/mackay-isaac-whitsunday-region/between-50000-60000/
3173	https://campervans.vercel.app/listings/queensland-state/central-queensland-region/between-50000-60000/
3174	https://campervans.vercel.app/listings/victoria-state/melbourne-region/between-50000-60000/
3175	https://campervans.vercel.app/listings/victoria-state/geelong-region/between-50000-60000/
3176	https://campervans.vercel.app/listings/victoria-state/ballarat-region/between-50000-60000/
3177	https://campervans.vercel.app/listings/victoria-state/bendigo-region/between-50000-60000/
3178	https://campervans.vercel.app/listings/victoria-state/mornington-peninsula-region/between-50000-60000/
3179	https://campervans.vercel.app/listings/victoria-state/latrobe-gippsland-region/between-50000-60000/
3180	https://campervans.vercel.app/listings/victoria-state/hume-region/between-50000-60000/
3181	https://campervans.vercel.app/listings/victoria-state/shepparton-region/between-50000-60000/
3182	https://campervans.vercel.app/listings/victoria-state/warrnambool-and-south-west-region/between-50000-60000/
3183	https://campervans.vercel.app/listings/south-australia-state/adelaide-region/between-50000-60000/
3184	https://campervans.vercel.app/listings/south-australia-state/barossa-yorke-mid-north-region/between-50000-60000/
3185	https://campervans.vercel.app/listings/south-australia-state/south-australia-south-east-region/between-50000-60000/
3186	https://campervans.vercel.app/listings/tasmania-state/hobart-region/between-50000-60000/
3187	https://campervans.vercel.app/listings/tasmania-state/launceston-region/between-50000-60000/
3188	https://campervans.vercel.app/listings/tasmania-state/north-west-region/between-50000-60000/
3189	https://campervans.vercel.app/listings/western-australia-state/perth-region/between-50000-60000/
3190	https://campervans.vercel.app/listings/western-australia-state/bunbury-region/between-50000-60000/
3191	https://campervans.vercel.app/listings/western-australia-state/mandurah-region/between-50000-60000/
3192	https://campervans.vercel.app/listings/western-australia-state/western-australia-wheat-belt-region/between-50000-60000/
3193	https://campervans.vercel.app/listings/northern-territory-state/darwin-region/between-50000-60000/
3194	https://campervans.vercel.app/listings/off-road-category/between-50000-70000/
3195	https://campervans.vercel.app/listings/hybrid-category/between-50000-70000/
3196	https://campervans.vercel.app/listings/pop-top-category/between-50000-70000/
3197	https://campervans.vercel.app/listings/luxury-category/between-50000-70000/
3198	https://campervans.vercel.app/listings/family-category/between-50000-70000/
3199	https://campervans.vercel.app/listings/touring-category/between-50000-70000/
3200	https://campervans.vercel.app/listings/australian-capital-territory-state/between-50000-70000/
3201	https://campervans.vercel.app/listings/new-south-wales-state/between-50000-70000/
3202	https://campervans.vercel.app/listings/northern-territory-state/between-50000-70000/
3203	https://campervans.vercel.app/listings/queensland-state/between-50000-70000/
3204	https://campervans.vercel.app/listings/south-australia-state/between-50000-70000/
3205	https://campervans.vercel.app/listings/tasmania-state/between-50000-70000/
3206	https://campervans.vercel.app/listings/victoria-state/between-50000-70000/
3207	https://campervans.vercel.app/listings/western-australia-state/between-50000-70000/
3208	https://campervans.vercel.app/listings/australian-capital-territory-state/australian-capital-territory-region/between-50000-70000/
3209	https://campervans.vercel.app/listings/new-south-wales-state/sydney-region/between-50000-70000/
3210	https://campervans.vercel.app/listings/new-south-wales-state/newcastle-region/between-50000-70000/
3211	https://campervans.vercel.app/listings/new-south-wales-state/central-coast-region/between-50000-70000/
3212	https://campervans.vercel.app/listings/new-south-wales-state/hunter-region/between-50000-70000/
3213	https://campervans.vercel.app/listings/new-south-wales-state/illawarra-region/between-50000-70000/
3214	https://campervans.vercel.app/listings/new-south-wales-state/mid-north-coast-region/between-50000-70000/
3215	https://campervans.vercel.app/listings/new-south-wales-state/coffs-harbour-region/between-50000-70000/
3216	https://campervans.vercel.app/listings/new-south-wales-state/richmond-tweed-region/between-50000-70000/
3217	https://campervans.vercel.app/listings/new-south-wales-state/central-west-region/between-50000-70000/
3218	https://campervans.vercel.app/listings/new-south-wales-state/riverina-region/between-50000-70000/
3219	https://campervans.vercel.app/listings/queensland-state/brisbane-region/between-50000-70000/
3220	https://campervans.vercel.app/listings/queensland-state/gold-coast-region/between-50000-70000/
3221	https://campervans.vercel.app/listings/queensland-state/sunshine-coast-region/between-50000-70000/
3222	https://campervans.vercel.app/listings/queensland-state/cairns-region/between-50000-70000/
3223	https://campervans.vercel.app/listings/queensland-state/townsville-region/between-50000-70000/
3224	https://campervans.vercel.app/listings/queensland-state/toowoomba-region/between-50000-70000/
3225	https://campervans.vercel.app/listings/queensland-state/wide-bay-region/between-50000-70000/
3226	https://campervans.vercel.app/listings/queensland-state/mackay-isaac-whitsunday-region/between-50000-70000/
3227	https://campervans.vercel.app/listings/queensland-state/central-queensland-region/between-50000-70000/
3228	https://campervans.vercel.app/listings/victoria-state/melbourne-region/between-50000-70000/
3229	https://campervans.vercel.app/listings/victoria-state/geelong-region/between-50000-70000/
3230	https://campervans.vercel.app/listings/victoria-state/ballarat-region/between-50000-70000/
3231	https://campervans.vercel.app/listings/victoria-state/bendigo-region/between-50000-70000/
3232	https://campervans.vercel.app/listings/victoria-state/mornington-peninsula-region/between-50000-70000/
3233	https://campervans.vercel.app/listings/victoria-state/latrobe-gippsland-region/between-50000-70000/
3234	https://campervans.vercel.app/listings/victoria-state/hume-region/between-50000-70000/
3235	https://campervans.vercel.app/listings/victoria-state/shepparton-region/between-50000-70000/
3236	https://campervans.vercel.app/listings/victoria-state/warrnambool-and-south-west-region/between-50000-70000/
3237	https://campervans.vercel.app/listings/south-australia-state/adelaide-region/between-50000-70000/
3238	https://campervans.vercel.app/listings/south-australia-state/barossa-yorke-mid-north-region/between-50000-70000/
3239	https://campervans.vercel.app/listings/south-australia-state/south-australia-south-east-region/between-50000-70000/
3240	https://campervans.vercel.app/listings/tasmania-state/hobart-region/between-50000-70000/
3241	https://campervans.vercel.app/listings/tasmania-state/launceston-region/between-50000-70000/
3242	https://campervans.vercel.app/listings/tasmania-state/north-west-region/between-50000-70000/
3243	https://campervans.vercel.app/listings/western-australia-state/perth-region/between-50000-70000/
3244	https://campervans.vercel.app/listings/western-australia-state/bunbury-region/between-50000-70000/
3245	https://campervans.vercel.app/listings/western-australia-state/mandurah-region/between-50000-70000/
3246	https://campervans.vercel.app/listings/western-australia-state/western-australia-wheat-belt-region/between-50000-70000/
3247	https://campervans.vercel.app/listings/northern-territory-state/darwin-region/between-50000-70000/
3248	https://campervans.vercel.app/listings/off-road-category/between-70000-80000/
3249	https://campervans.vercel.app/listings/hybrid-category/between-70000-80000/
3250	https://campervans.vercel.app/listings/pop-top-category/between-70000-80000/
3251	https://campervans.vercel.app/listings/luxury-category/between-70000-80000/
3252	https://campervans.vercel.app/listings/family-category/between-70000-80000/
3253	https://campervans.vercel.app/listings/touring-category/between-70000-80000/
3254	https://campervans.vercel.app/listings/australian-capital-territory-state/between-70000-80000/
3255	https://campervans.vercel.app/listings/new-south-wales-state/between-70000-80000/
3256	https://campervans.vercel.app/listings/northern-territory-state/between-70000-80000/
3257	https://campervans.vercel.app/listings/queensland-state/between-70000-80000/
3258	https://campervans.vercel.app/listings/south-australia-state/between-70000-80000/
3259	https://campervans.vercel.app/listings/tasmania-state/between-70000-80000/
3260	https://campervans.vercel.app/listings/victoria-state/between-70000-80000/
3261	https://campervans.vercel.app/listings/western-australia-state/between-70000-80000/
3262	https://campervans.vercel.app/listings/australian-capital-territory-state/australian-capital-territory-region/between-70000-80000/
3263	https://campervans.vercel.app/listings/new-south-wales-state/sydney-region/between-70000-80000/
3264	https://campervans.vercel.app/listings/new-south-wales-state/newcastle-region/between-70000-80000/
3265	https://campervans.vercel.app/listings/new-south-wales-state/central-coast-region/between-70000-80000/
3266	https://campervans.vercel.app/listings/new-south-wales-state/hunter-region/between-70000-80000/
3267	https://campervans.vercel.app/listings/new-south-wales-state/illawarra-region/between-70000-80000/
3268	https://campervans.vercel.app/listings/new-south-wales-state/mid-north-coast-region/between-70000-80000/
3269	https://campervans.vercel.app/listings/new-south-wales-state/coffs-harbour-region/between-70000-80000/
3270	https://campervans.vercel.app/listings/new-south-wales-state/richmond-tweed-region/between-70000-80000/
3271	https://campervans.vercel.app/listings/new-south-wales-state/central-west-region/between-70000-80000/
3272	https://campervans.vercel.app/listings/new-south-wales-state/riverina-region/between-70000-80000/
3273	https://campervans.vercel.app/listings/queensland-state/brisbane-region/between-70000-80000/
3274	https://campervans.vercel.app/listings/queensland-state/gold-coast-region/between-70000-80000/
3275	https://campervans.vercel.app/listings/queensland-state/sunshine-coast-region/between-70000-80000/
3276	https://campervans.vercel.app/listings/queensland-state/cairns-region/between-70000-80000/
3277	https://campervans.vercel.app/listings/queensland-state/townsville-region/between-70000-80000/
3278	https://campervans.vercel.app/listings/queensland-state/toowoomba-region/between-70000-80000/
3279	https://campervans.vercel.app/listings/queensland-state/wide-bay-region/between-70000-80000/
3280	https://campervans.vercel.app/listings/queensland-state/mackay-isaac-whitsunday-region/between-70000-80000/
3281	https://campervans.vercel.app/listings/queensland-state/central-queensland-region/between-70000-80000/
3282	https://campervans.vercel.app/listings/victoria-state/melbourne-region/between-70000-80000/
3283	https://campervans.vercel.app/listings/victoria-state/geelong-region/between-70000-80000/
3284	https://campervans.vercel.app/listings/victoria-state/ballarat-region/between-70000-80000/
3285	https://campervans.vercel.app/listings/victoria-state/bendigo-region/between-70000-80000/
3286	https://campervans.vercel.app/listings/victoria-state/mornington-peninsula-region/between-70000-80000/
3287	https://campervans.vercel.app/listings/victoria-state/latrobe-gippsland-region/between-70000-80000/
3288	https://campervans.vercel.app/listings/victoria-state/hume-region/between-70000-80000/
3289	https://campervans.vercel.app/listings/victoria-state/shepparton-region/between-70000-80000/
3290	https://campervans.vercel.app/listings/victoria-state/warrnambool-and-south-west-region/between-70000-80000/
3291	https://campervans.vercel.app/listings/south-australia-state/adelaide-region/between-70000-80000/
3292	https://campervans.vercel.app/listings/south-australia-state/barossa-yorke-mid-north-region/between-70000-80000/
3293	https://campervans.vercel.app/listings/south-australia-state/south-australia-south-east-region/between-70000-80000/
3294	https://campervans.vercel.app/listings/tasmania-state/hobart-region/between-70000-80000/
3295	https://campervans.vercel.app/listings/tasmania-state/launceston-region/between-70000-80000/
3296	https://campervans.vercel.app/listings/tasmania-state/north-west-region/between-70000-80000/
3297	https://campervans.vercel.app/listings/western-australia-state/perth-region/between-70000-80000/
3298	https://campervans.vercel.app/listings/western-australia-state/bunbury-region/between-70000-80000/
3299	https://campervans.vercel.app/listings/western-australia-state/mandurah-region/between-70000-80000/
3300	https://campervans.vercel.app/listings/western-australia-state/western-australia-wheat-belt-region/between-70000-80000/
3301	https://campervans.vercel.app/listings/northern-territory-state/darwin-region/between-70000-80000/
3302	https://campervans.vercel.app/listings/off-road-category/between-80000-100000/
3303	https://campervans.vercel.app/listings/hybrid-category/between-80000-100000/
3304	https://campervans.vercel.app/listings/pop-top-category/between-80000-100000/
3305	https://campervans.vercel.app/listings/luxury-category/between-80000-100000/
3306	https://campervans.vercel.app/listings/family-category/between-80000-100000/
3307	https://campervans.vercel.app/listings/touring-category/between-80000-100000/
3308	https://campervans.vercel.app/listings/australian-capital-territory-state/between-80000-100000/
3309	https://campervans.vercel.app/listings/new-south-wales-state/between-80000-100000/
3310	https://campervans.vercel.app/listings/northern-territory-state/between-80000-100000/
3311	https://campervans.vercel.app/listings/queensland-state/between-80000-100000/
3312	https://campervans.vercel.app/listings/south-australia-state/between-80000-100000/
3313	https://campervans.vercel.app/listings/tasmania-state/between-80000-100000/
3314	https://campervans.vercel.app/listings/victoria-state/between-80000-100000/
3315	https://campervans.vercel.app/listings/western-australia-state/between-80000-100000/
3316	https://campervans.vercel.app/listings/australian-capital-territory-state/australian-capital-territory-region/between-80000-100000/
3317	https://campervans.vercel.app/listings/new-south-wales-state/sydney-region/between-80000-100000/
3318	https://campervans.vercel.app/listings/new-south-wales-state/newcastle-region/between-80000-100000/
3319	https://campervans.vercel.app/listings/new-south-wales-state/central-coast-region/between-80000-100000/
3320	https://campervans.vercel.app/listings/new-south-wales-state/hunter-region/between-80000-100000/
3321	https://campervans.vercel.app/listings/new-south-wales-state/illawarra-region/between-80000-100000/
3322	https://campervans.vercel.app/listings/new-south-wales-state/mid-north-coast-region/between-80000-100000/
3323	https://campervans.vercel.app/listings/new-south-wales-state/coffs-harbour-region/between-80000-100000/
3324	https://campervans.vercel.app/listings/new-south-wales-state/richmond-tweed-region/between-80000-100000/
3325	https://campervans.vercel.app/listings/new-south-wales-state/central-west-region/between-80000-100000/
3326	https://campervans.vercel.app/listings/new-south-wales-state/riverina-region/between-80000-100000/
3327	https://campervans.vercel.app/listings/queensland-state/brisbane-region/between-80000-100000/
3328	https://campervans.vercel.app/listings/queensland-state/gold-coast-region/between-80000-100000/
3329	https://campervans.vercel.app/listings/queensland-state/sunshine-coast-region/between-80000-100000/
3330	https://campervans.vercel.app/listings/queensland-state/cairns-region/between-80000-100000/
3331	https://campervans.vercel.app/listings/queensland-state/townsville-region/between-80000-100000/
3332	https://campervans.vercel.app/listings/queensland-state/toowoomba-region/between-80000-100000/
3333	https://campervans.vercel.app/listings/queensland-state/wide-bay-region/between-80000-100000/
3334	https://campervans.vercel.app/listings/queensland-state/mackay-isaac-whitsunday-region/between-80000-100000/
3335	https://campervans.vercel.app/listings/queensland-state/central-queensland-region/between-80000-100000/
3336	https://campervans.vercel.app/listings/victoria-state/melbourne-region/between-80000-100000/
3337	https://campervans.vercel.app/listings/victoria-state/geelong-region/between-80000-100000/
3338	https://campervans.vercel.app/listings/victoria-state/ballarat-region/between-80000-100000/
3339	https://campervans.vercel.app/listings/victoria-state/bendigo-region/between-80000-100000/
3340	https://campervans.vercel.app/listings/victoria-state/mornington-peninsula-region/between-80000-100000/
3341	https://campervans.vercel.app/listings/victoria-state/latrobe-gippsland-region/between-80000-100000/
3342	https://campervans.vercel.app/listings/victoria-state/hume-region/between-80000-100000/
3343	https://campervans.vercel.app/listings/victoria-state/shepparton-region/between-80000-100000/
3344	https://campervans.vercel.app/listings/victoria-state/warrnambool-and-south-west-region/between-80000-100000/
3345	https://campervans.vercel.app/listings/south-australia-state/adelaide-region/between-80000-100000/
3346	https://campervans.vercel.app/listings/south-australia-state/barossa-yorke-mid-north-region/between-80000-100000/
3347	https://campervans.vercel.app/listings/south-australia-state/south-australia-south-east-region/between-80000-100000/
3348	https://campervans.vercel.app/listings/tasmania-state/hobart-region/between-80000-100000/
3349	https://campervans.vercel.app/listings/tasmania-state/launceston-region/between-80000-100000/
3350	https://campervans.vercel.app/listings/tasmania-state/north-west-region/between-80000-100000/
3351	https://campervans.vercel.app/listings/western-australia-state/perth-region/between-80000-100000/
3352	https://campervans.vercel.app/listings/western-australia-state/bunbury-region/between-80000-100000/
3353	https://campervans.vercel.app/listings/western-australia-state/mandurah-region/between-80000-100000/
3354	https://campervans.vercel.app/listings/western-australia-state/western-australia-wheat-belt-region/between-80000-100000/
3355	https://campervans.vercel.app/listings/northern-territory-state/darwin-region/between-80000-100000/
3356	https://campervans.vercel.app/listings/off-road-category/between-100000-125000/
3357	https://campervans.vercel.app/listings/hybrid-category/between-100000-125000/
3358	https://campervans.vercel.app/listings/pop-top-category/between-100000-125000/
3359	https://campervans.vercel.app/listings/luxury-category/between-100000-125000/
3360	https://campervans.vercel.app/listings/family-category/between-100000-125000/
3361	https://campervans.vercel.app/listings/touring-category/between-100000-125000/
3362	https://campervans.vercel.app/listings/australian-capital-territory-state/between-100000-125000/
3363	https://campervans.vercel.app/listings/new-south-wales-state/between-100000-125000/
3364	https://campervans.vercel.app/listings/northern-territory-state/between-100000-125000/
3365	https://campervans.vercel.app/listings/queensland-state/between-100000-125000/
3366	https://campervans.vercel.app/listings/south-australia-state/between-100000-125000/
3367	https://campervans.vercel.app/listings/tasmania-state/between-100000-125000/
3368	https://campervans.vercel.app/listings/victoria-state/between-100000-125000/
3369	https://campervans.vercel.app/listings/western-australia-state/between-100000-125000/
3370	https://campervans.vercel.app/listings/australian-capital-territory-state/australian-capital-territory-region/between-100000-125000/
3371	https://campervans.vercel.app/listings/new-south-wales-state/sydney-region/between-100000-125000/
3372	https://campervans.vercel.app/listings/new-south-wales-state/newcastle-region/between-100000-125000/
3373	https://campervans.vercel.app/listings/new-south-wales-state/central-coast-region/between-100000-125000/
3374	https://campervans.vercel.app/listings/new-south-wales-state/hunter-region/between-100000-125000/
3375	https://campervans.vercel.app/listings/new-south-wales-state/illawarra-region/between-100000-125000/
3376	https://campervans.vercel.app/listings/new-south-wales-state/mid-north-coast-region/between-100000-125000/
3377	https://campervans.vercel.app/listings/new-south-wales-state/coffs-harbour-region/between-100000-125000/
3378	https://campervans.vercel.app/listings/new-south-wales-state/richmond-tweed-region/between-100000-125000/
3379	https://campervans.vercel.app/listings/new-south-wales-state/central-west-region/between-100000-125000/
3380	https://campervans.vercel.app/listings/new-south-wales-state/riverina-region/between-100000-125000/
3381	https://campervans.vercel.app/listings/queensland-state/brisbane-region/between-100000-125000/
3382	https://campervans.vercel.app/listings/queensland-state/gold-coast-region/between-100000-125000/
3383	https://campervans.vercel.app/listings/queensland-state/sunshine-coast-region/between-100000-125000/
3384	https://campervans.vercel.app/listings/queensland-state/cairns-region/between-100000-125000/
3385	https://campervans.vercel.app/listings/queensland-state/townsville-region/between-100000-125000/
3386	https://campervans.vercel.app/listings/queensland-state/toowoomba-region/between-100000-125000/
3387	https://campervans.vercel.app/listings/queensland-state/wide-bay-region/between-100000-125000/
3388	https://campervans.vercel.app/listings/queensland-state/mackay-isaac-whitsunday-region/between-100000-125000/
3389	https://campervans.vercel.app/listings/queensland-state/central-queensland-region/between-100000-125000/
3390	https://campervans.vercel.app/listings/victoria-state/melbourne-region/between-100000-125000/
3391	https://campervans.vercel.app/listings/victoria-state/geelong-region/between-100000-125000/
3392	https://campervans.vercel.app/listings/victoria-state/ballarat-region/between-100000-125000/
3393	https://campervans.vercel.app/listings/victoria-state/bendigo-region/between-100000-125000/
3394	https://campervans.vercel.app/listings/victoria-state/mornington-peninsula-region/between-100000-125000/
3395	https://campervans.vercel.app/listings/victoria-state/latrobe-gippsland-region/between-100000-125000/
3396	https://campervans.vercel.app/listings/victoria-state/hume-region/between-100000-125000/
3397	https://campervans.vercel.app/listings/victoria-state/shepparton-region/between-100000-125000/
3398	https://campervans.vercel.app/listings/victoria-state/warrnambool-and-south-west-region/between-100000-125000/
3399	https://campervans.vercel.app/listings/south-australia-state/adelaide-region/between-100000-125000/
3400	https://campervans.vercel.app/listings/south-australia-state/barossa-yorke-mid-north-region/between-100000-125000/
3401	https://campervans.vercel.app/listings/south-australia-state/south-australia-south-east-region/between-100000-125000/
3402	https://campervans.vercel.app/listings/tasmania-state/hobart-region/between-100000-125000/
3403	https://campervans.vercel.app/listings/tasmania-state/launceston-region/between-100000-125000/
3404	https://campervans.vercel.app/listings/tasmania-state/north-west-region/between-100000-125000/
3405	https://campervans.vercel.app/listings/western-australia-state/perth-region/between-100000-125000/
3406	https://campervans.vercel.app/listings/western-australia-state/bunbury-region/between-100000-125000/
3407	https://campervans.vercel.app/listings/western-australia-state/mandurah-region/between-100000-125000/
3408	https://campervans.vercel.app/listings/western-australia-state/western-australia-wheat-belt-region/between-100000-125000/
3409	https://campervans.vercel.app/listings/northern-territory-state/darwin-region/between-100000-125000/
3410	https://campervans.vercel.app/listings/off-road-category/between-100000-150000/
3411	https://campervans.vercel.app/listings/hybrid-category/between-100000-150000/
3412	https://campervans.vercel.app/listings/pop-top-category/between-100000-150000/
3413	https://campervans.vercel.app/listings/luxury-category/between-100000-150000/
3414	https://campervans.vercel.app/listings/family-category/between-100000-150000/
3415	https://campervans.vercel.app/listings/touring-category/between-100000-150000/
3416	https://campervans.vercel.app/listings/australian-capital-territory-state/between-100000-150000/
3417	https://campervans.vercel.app/listings/new-south-wales-state/between-100000-150000/
3418	https://campervans.vercel.app/listings/northern-territory-state/between-100000-150000/
3419	https://campervans.vercel.app/listings/queensland-state/between-100000-150000/
3420	https://campervans.vercel.app/listings/south-australia-state/between-100000-150000/
3421	https://campervans.vercel.app/listings/tasmania-state/between-100000-150000/
3422	https://campervans.vercel.app/listings/victoria-state/between-100000-150000/
3423	https://campervans.vercel.app/listings/western-australia-state/between-100000-150000/
3424	https://campervans.vercel.app/listings/australian-capital-territory-state/australian-capital-territory-region/between-100000-150000/
3425	https://campervans.vercel.app/listings/new-south-wales-state/sydney-region/between-100000-150000/
3426	https://campervans.vercel.app/listings/new-south-wales-state/newcastle-region/between-100000-150000/
3427	https://campervans.vercel.app/listings/new-south-wales-state/central-coast-region/between-100000-150000/
3428	https://campervans.vercel.app/listings/new-south-wales-state/hunter-region/between-100000-150000/
3429	https://campervans.vercel.app/listings/new-south-wales-state/illawarra-region/between-100000-150000/
3430	https://campervans.vercel.app/listings/new-south-wales-state/mid-north-coast-region/between-100000-150000/
3431	https://campervans.vercel.app/listings/new-south-wales-state/coffs-harbour-region/between-100000-150000/
3432	https://campervans.vercel.app/listings/new-south-wales-state/richmond-tweed-region/between-100000-150000/
3433	https://campervans.vercel.app/listings/new-south-wales-state/central-west-region/between-100000-150000/
3434	https://campervans.vercel.app/listings/new-south-wales-state/riverina-region/between-100000-150000/
3435	https://campervans.vercel.app/listings/queensland-state/brisbane-region/between-100000-150000/
3436	https://campervans.vercel.app/listings/queensland-state/gold-coast-region/between-100000-150000/
3437	https://campervans.vercel.app/listings/queensland-state/sunshine-coast-region/between-100000-150000/
3438	https://campervans.vercel.app/listings/queensland-state/cairns-region/between-100000-150000/
3439	https://campervans.vercel.app/listings/queensland-state/townsville-region/between-100000-150000/
3440	https://campervans.vercel.app/listings/queensland-state/toowoomba-region/between-100000-150000/
3441	https://campervans.vercel.app/listings/queensland-state/wide-bay-region/between-100000-150000/
3442	https://campervans.vercel.app/listings/queensland-state/mackay-isaac-whitsunday-region/between-100000-150000/
3443	https://campervans.vercel.app/listings/queensland-state/central-queensland-region/between-100000-150000/
3444	https://campervans.vercel.app/listings/victoria-state/melbourne-region/between-100000-150000/
3445	https://campervans.vercel.app/listings/victoria-state/geelong-region/between-100000-150000/
3446	https://campervans.vercel.app/listings/victoria-state/ballarat-region/between-100000-150000/
3447	https://campervans.vercel.app/listings/victoria-state/bendigo-region/between-100000-150000/
3448	https://campervans.vercel.app/listings/victoria-state/mornington-peninsula-region/between-100000-150000/
3449	https://campervans.vercel.app/listings/victoria-state/latrobe-gippsland-region/between-100000-150000/
3450	https://campervans.vercel.app/listings/victoria-state/hume-region/between-100000-150000/
3451	https://campervans.vercel.app/listings/victoria-state/shepparton-region/between-100000-150000/
3452	https://campervans.vercel.app/listings/victoria-state/warrnambool-and-south-west-region/between-100000-150000/
3453	https://campervans.vercel.app/listings/south-australia-state/adelaide-region/between-100000-150000/
3454	https://campervans.vercel.app/listings/south-australia-state/barossa-yorke-mid-north-region/between-100000-150000/
3455	https://campervans.vercel.app/listings/south-australia-state/south-australia-south-east-region/between-100000-150000/
3456	https://campervans.vercel.app/listings/tasmania-state/hobart-region/between-100000-150000/
3457	https://campervans.vercel.app/listings/tasmania-state/launceston-region/between-100000-150000/
3458	https://campervans.vercel.app/listings/tasmania-state/north-west-region/between-100000-150000/
3459	https://campervans.vercel.app/listings/western-australia-state/perth-region/between-100000-150000/
3460	https://campervans.vercel.app/listings/western-australia-state/bunbury-region/between-100000-150000/
3461	https://campervans.vercel.app/listings/western-australia-state/mandurah-region/between-100000-150000/
3462	https://campervans.vercel.app/listings/western-australia-state/western-australia-wheat-belt-region/between-100000-150000/
3463	https://campervans.vercel.app/listings/northern-territory-state/darwin-region/between-100000-150000/